currentWord	currentWordCount	targetNodeAtt	chapterName
meteorite	2	Chapter Name	diavolo-emerges-part3
strikes	2	Chapter Name	diavolo-emerges-part3
greenland	2	Chapter Name	diavolo-emerges-part3
trish"s	1	Chapter Name	diavolo-emerges-part3
soul	11	Chapter Name	diavolo-emerges-part3
soul	5	Chapter Name	diavolo-emerges-part5
soul	9	Chapter Name	diavolo_emerges_part1
soul	3	Chapter Name	diavolo_emerges_part2
soul	1	Chapter Name	Jojos-part-5-ger-chapter-1
soul	1	Chapter Name	Jojos-part-5-ger-chapter-4
possessed	1	Chapter Name	diavolo-emerges-part3
possessed	2	Chapter Name	diavolo_emerges_part1
possessed	2	Chapter Name	diavolo_emerges_part2
mista	11	Chapter Name	diavolo-emerges-part3
mista	2	Chapter Name	diavolo-emerges-part4
mista	1	Chapter Name	diavolo-emerges-part5
mista	4	Chapter Name	diavolo_emerges_part1
mista	4	Chapter Name	diavolo_emerges_part2
mista	2	Chapter Name	Jojos-part-5-ger-chapter-1
mista	2	Chapter Name	Jojos-part-5-ger-chapter-4
mista	1	Chapter Name	king-of-kings
turtle	1	Chapter Name	diavolo-emerges-part3
turtle	4	Chapter Name	diavolo_emerges_part2
polnareff	1	Chapter Name	diavolo-emerges-part3
polnareff	2	Chapter Name	diavolo_emerges_part1
polnareff	4	Chapter Name	diavolo_emerges_part2
polnareff	1	Chapter Name	king-of-kings
giorno	2	Chapter Name	diavolo-emerges-part3
giorno	1	Chapter Name	diavolo-emerges-part4
giorno	2	Chapter Name	diavolo-emerges-part5
giorno	9	Chapter Name	diavolo_emerges_part1
giorno	9	Chapter Name	diavolo_emerges_part2
giorno	11	Chapter Name	Jojos-part-5-ger-chapter-1
giorno	4	Chapter Name	Jojos-part-5-ger-chapter-2
giorno	3	Chapter Name	Jojos-part-5-ger-chapter-3
giorno	4	Chapter Name	Jojos-part-5-ger-chapter-4
giorno	9	Chapter Name	king-of-kings
bueccellati's	1	Chapter Name	diavolo-emerges-part3
diavolo's	1	Chapter Name	diavolo-emerges-part3
king	6	Chapter Name	diavolo-emerges-part3
king	6	Chapter Name	diavolo-emerges-part4
king	4	Chapter Name	diavolo-emerges-part5
king	2	Chapter Name	diavolo_emerges_part1
king	10	Chapter Name	diavolo_emerges_part2
king	6	Chapter Name	Jojos-part-5-ger-chapter-1
king	6	Chapter Name	Jojos-part-5-ger-chapter-2
king	3	Chapter Name	Jojos-part-5-ger-chapter-3
king	3	Chapter Name	Jojos-part-5-ger-chapter-4
king	6	Chapter Name	king-of-kings
crimson	3	Chapter Name	diavolo-emerges-part3
crimson	4	Chapter Name	diavolo-emerges-part4
crimson	3	Chapter Name	diavolo-emerges-part5
crimson	2	Chapter Name	diavolo_emerges_part1
crimson	8	Chapter Name	diavolo_emerges_part2
crimson	3	Chapter Name	Jojos-part-5-ger-chapter-1
crimson	4	Chapter Name	Jojos-part-5-ger-chapter-2
crimson	2	Chapter Name	Jojos-part-5-ger-chapter-3
crimson	4	Chapter Name	king-of-kings
trish's	1	Chapter Name	diavolo-emerges-part3
trish's	4	Chapter Name	diavolo-emerges-part5
spice	1	Chapter Name	diavolo-emerges-part3
spice	2	Chapter Name	diavolo-emerges-part4
spice	2	Chapter Name	diavolo_emerges_part2
girl	1	Chapter Name	diavolo-emerges-part3
girl	1	Chapter Name	diavolo-emerges-part4
girl	1	Chapter Name	diavolo-emerges-part5
uaahh	1	Chapter Name	diavolo-emerges-part3
koh	1	Chapter Name	diavolo-emerges-part3
kuh	2	Chapter Name	diavolo-emerges-part3
kuh	3	Chapter Name	Jojos-part-5-ger-chapter-3
diavolo	5	Chapter Name	diavolo-emerges-part3
diavolo	1	Chapter Name	diavolo-emerges-part4
diavolo	3	Chapter Name	diavolo-emerges-part5
diavolo	4	Chapter Name	diavolo_emerges_part1
diavolo	5	Chapter Name	diavolo_emerges_part2
diavolo	2	Chapter Name	Jojos-part-5-ger-chapter-1
diavolo	3	Chapter Name	Jojos-part-5-ger-chapter-2
diavolo	1	Chapter Name	Jojos-part-5-ger-chapter-3
diavolo	3	Chapter Name	king-of-kings
emerges	2	Chapter Name	diavolo-emerges-part3
emerges	1	Chapter Name	diavolo-emerges-part4
emerges	2	Chapter Name	diavolo-emerges-part5
emerges	1	Chapter Name	diavolo_emerges_part1
emerges	2	Chapter Name	diavolo_emerges_part2
part	2	Chapter Name	diavolo-emerges-part3
part	1	Chapter Name	diavolo-emerges-part4
part	3	Chapter Name	diavolo-emerges-part5
part	4	Chapter Name	diavolo_emerges_part1
part	2	Chapter Name	diavolo_emerges_part2
part	1	Chapter Name	Jojos-part-5-ger-chapter-1
part	1	Chapter Name	Jojos-part-5-ger-chapter-4
enough	1	Chapter Name	diavolo-emerges-part3
enough	1	Chapter Name	diavolo-emerges-part4
enough	1	Chapter Name	diavolo_emerges_part1
control	3	Chapter Name	diavolo-emerges-part3
control	1	Chapter Name	diavolo_emerges_part1
control	2	Chapter Name	diavolo_emerges_part2
control	2	Chapter Name	Jojos-part-5-ger-chapter-1
make	4	Chapter Name	diavolo-emerges-part3
make	1	Chapter Name	diavolo-emerges-part4
make	1	Chapter Name	diavolo_emerges_part1
make	1	Chapter Name	diavolo_emerges_part2
make	1	Chapter Name	Jojos-part-5-ger-chapter-3
make	1	Chapter Name	king-of-kings
body	4	Chapter Name	diavolo-emerges-part3
body	4	Chapter Name	diavolo-emerges-part5
body	13	Chapter Name	diavolo_emerges_part1
body	13	Chapter Name	diavolo_emerges_part2
body	1	Chapter Name	Jojos-part-5-ger-chapter-1
body	6	Chapter Name	Jojos-part-5-ger-chapter-3
body	1	Chapter Name	Jojos-part-5-ger-chapter-4
run	6	Chapter Name	diavolo-emerges-part3
run	1	Chapter Name	diavolo-emerges-part4
run	1	Chapter Name	diavolo_emerges_part1
run	1	Chapter Name	Jojos-part-5-ger-chapter-1
run	9	Chapter Name	king-of-kings
grab	3	Chapter Name	diavolo-emerges-part3
grab	1	Chapter Name	diavolo-emerges-part5
grab	1	Chapter Name	diavolo_emerges_part2
stand	3	Chapter Name	diavolo-emerges-part3
stand	1	Chapter Name	diavolo-emerges-part5
stand	4	Chapter Name	diavolo_emerges_part2
stand	3	Chapter Name	Jojos-part-5-ger-chapter-1
stand	1	Chapter Name	Jojos-part-5-ger-chapter-2
stand	2	Chapter Name	Jojos-part-5-ger-chapter-3
stand	1	Chapter Name	king-of-kings
move	8	Chapter Name	diavolo-emerges-part3
move	3	Chapter Name	diavolo_emerges_part1
move	4	Chapter Name	diavolo_emerges_part2
move	3	Chapter Name	Jojos-part-5-ger-chapter-2
move	4	Chapter Name	Jojos-part-5-ger-chapter-3
uagh	1	Chapter Name	diavolo-emerges-part3
uagh	1	Chapter Name	Jojos-part-5-ger-chapter-3
sticky	2	Chapter Name	diavolo-emerges-part3
fingers	2	Chapter Name	diavolo-emerges-part3
fingers	1	Chapter Name	Jojos-part-5-ger-chapter-3
daughter	1	Chapter Name	diavolo-emerges-part3
daughter	1	Chapter Name	diavolo-emerges-part4
daughter	1	Chapter Name	diavolo_emerges_part2
daughter	2	Chapter Name	king-of-kings
hadn't	1	Chapter Name	diavolo-emerges-part3
hadn't	1	Chapter Name	king-of-kings
brought	1	Chapter Name	diavolo-emerges-part3
brought	1	Chapter Name	diavolo-emerges-part5
brought	2	Chapter Name	diavolo_emerges_part1
discovered	2	Chapter Name	diavolo-emerges-part3
cornered	1	Chapter Name	diavolo-emerges-part3
cornered	1	Chapter Name	diavolo_emerges_part2
he's	6	Chapter Name	diavolo-emerges-part3
he's	2	Chapter Name	diavolo-emerges-part5
he's	3	Chapter Name	diavolo_emerges_part1
he's	11	Chapter Name	diavolo_emerges_part2
he's	1	Chapter Name	Jojos-part-5-ger-chapter-1
he's	2	Chapter Name	Jojos-part-5-ger-chapter-3
he's	1	Chapter Name	Jojos-part-5-ger-chapter-4
he's	4	Chapter Name	king-of-kings
gonna	2	Chapter Name	diavolo-emerges-part3
gonna	4	Chapter Name	diavolo_emerges_part1
gonna	1	Chapter Name	diavolo_emerges_part2
gonna	1	Chapter Name	Jojos-part-5-ger-chapter-1
gonna	2	Chapter Name	Jojos-part-5-ger-chapter-3
attack	4	Chapter Name	diavolo-emerges-part3
attack	2	Chapter Name	diavolo_emerges_part1
attack	1	Chapter Name	diavolo_emerges_part2
attack	6	Chapter Name	Jojos-part-5-ger-chapter-1
everyone	1	Chapter Name	diavolo-emerges-part3
everyone	1	Chapter Name	diavolo-emerges-part5
everyone	1	Chapter Name	diavolo_emerges_part1
everyone	2	Chapter Name	diavolo_emerges_part2
everyone	2	Chapter Name	Jojos-part-5-ger-chapter-1
together	1	Chapter Name	diavolo-emerges-part3
together	1	Chapter Name	diavolo_emerges_part1
split	1	Chapter Name	diavolo-emerges-part3
split	1	Chapter Name	diavolo-emerges-part5
split	1	Chapter Name	diavolo_emerges_part1
erase	1	Chapter Name	diavolo-emerges-part3
erase	1	Chapter Name	diavolo-emerges-part4
erase	2	Chapter Name	diavolo_emerges_part2
erase	2	Chapter Name	Jojos-part-5-ger-chapter-1
erase	4	Chapter Name	Jojos-part-5-ger-chapter-2
erase	2	Chapter Name	king-of-kings
time	8	Chapter Name	diavolo-emerges-part3
time	2	Chapter Name	diavolo-emerges-part4
time	1	Chapter Name	diavolo-emerges-part5
time	6	Chapter Name	diavolo_emerges_part1
time	5	Chapter Name	diavolo_emerges_part2
time	4	Chapter Name	Jojos-part-5-ger-chapter-1
time	5	Chapter Name	Jojos-part-5-ger-chapter-2
time	4	Chapter Name	Jojos-part-5-ger-chapter-3
time	2	Chapter Name	king-of-kings
huh	1	Chapter Name	diavolo-emerges-part3
huh	6	Chapter Name	diavolo_emerges_part1
huh	3	Chapter Name	diavolo_emerges_part2
huh	6	Chapter Name	Jojos-part-5-ger-chapter-3
huh	1	Chapter Name	king-of-kings
wh	20	Chapter Name	diavolo-emerges-part3
wh	7	Chapter Name	diavolo-emerges-part4
wh	8	Chapter Name	diavolo-emerges-part5
wh	29	Chapter Name	diavolo_emerges_part1
wh	18	Chapter Name	diavolo_emerges_part2
wh	8	Chapter Name	Jojos-part-5-ger-chapter-1
wh	14	Chapter Name	Jojos-part-5-ger-chapter-2
wh	40	Chapter Name	Jojos-part-5-ger-chapter-3
wh	3	Chapter Name	Jojos-part-5-ger-chapter-4
wh	16	Chapter Name	king-of-kings
wha	7	Chapter Name	diavolo-emerges-part3
wha	6	Chapter Name	diavolo-emerges-part4
wha	5	Chapter Name	diavolo-emerges-part5
wha	15	Chapter Name	diavolo_emerges_part1
wha	4	Chapter Name	diavolo_emerges_part2
wha	5	Chapter Name	Jojos-part-5-ger-chapter-1
wha	9	Chapter Name	Jojos-part-5-ger-chapter-2
wha	23	Chapter Name	Jojos-part-5-ger-chapter-3
wha	2	Chapter Name	Jojos-part-5-ger-chapter-4
wha	4	Chapter Name	king-of-kings
turning	1	Chapter Name	diavolo-emerges-part3
turning	2	Chapter Name	diavolo_emerges_part1
attacking	3	Chapter Name	diavolo-emerges-part3
running	3	Chapter Name	diavolo-emerges-part3
running	1	Chapter Name	diavolo_emerges_part1
running	1	Chapter Name	king-of-kings
away	1	Chapter Name	diavolo-emerges-part3
away	1	Chapter Name	diavolo-emerges-part5
away	8	Chapter Name	diavolo_emerges_part1
away	2	Chapter Name	Jojos-part-5-ger-chapter-3
away	6	Chapter Name	king-of-kings
without	2	Chapter Name	diavolo-emerges-part3
way	4	Chapter Name	diavolo-emerges-part3
way	1	Chapter Name	diavolo-emerges-part4
way	2	Chapter Name	diavolo-emerges-part5
way	16	Chapter Name	diavolo_emerges_part1
way	3	Chapter Name	diavolo_emerges_part2
way	3	Chapter Name	Jojos-part-5-ger-chapter-3
way	7	Chapter Name	king-of-kings
knows	6	Chapter Name	diavolo-emerges-part3
knows	1	Chapter Name	Jojos-part-5-ger-chapter-2
knows	1	Chapter Name	king-of-kings
method	8	Chapter Name	diavolo-emerges-part3
arrow	14	Chapter Name	diavolo-emerges-part3
arrow	14	Chapter Name	diavolo-emerges-part4
arrow	8	Chapter Name	diavolo-emerges-part5
arrow	18	Chapter Name	diavolo_emerges_part1
arrow	12	Chapter Name	diavolo_emerges_part2
arrow	14	Chapter Name	Jojos-part-5-ger-chapter-1
arrow	2	Chapter Name	Jojos-part-5-ger-chapter-3
arrow	22	Chapter Name	king-of-kings
eh	3	Chapter Name	diavolo-emerges-part3
eh	3	Chapter Name	diavolo-emerges-part4
eh	2	Chapter Name	diavolo-emerges-part5
eh	1	Chapter Name	diavolo_emerges_part1
eh	1	Chapter Name	diavolo_emerges_part2
eh	1	Chapter Name	Jojos-part-5-ger-chapter-1
eh	9	Chapter Name	Jojos-part-5-ger-chapter-3
take	5	Chapter Name	diavolo-emerges-part3
take	1	Chapter Name	diavolo-emerges-part4
take	2	Chapter Name	diavolo-emerges-part5
take	1	Chapter Name	diavolo_emerges_part1
take	1	Chapter Name	diavolo_emerges_part2
take	1	Chapter Name	Jojos-part-5-ger-chapter-1
take	2	Chapter Name	Jojos-part-5-ger-chapter-2
take	6	Chapter Name	Jojos-part-5-ger-chapter-3
requiem	9	Chapter Name	diavolo-emerges-part3
requiem	3	Chapter Name	diavolo-emerges-part4
requiem	3	Chapter Name	diavolo-emerges-part5
requiem	18	Chapter Name	diavolo_emerges_part1
requiem	1	Chapter Name	diavolo_emerges_part2
requiem	8	Chapter Name	Jojos-part-5-ger-chapter-1
requiem	5	Chapter Name	Jojos-part-5-ger-chapter-2
requiem	7	Chapter Name	Jojos-part-5-ger-chapter-3
requiem	1	Chapter Name	Jojos-part-5-ger-chapter-4
requiem	1	Chapter Name	king-of-kings
boss	1	Chapter Name	diavolo-emerges-part3
boss	1	Chapter Name	diavolo-emerges-part5
boss	4	Chapter Name	diavolo_emerges_part1
boss	7	Chapter Name	diavolo_emerges_part2
boss	4	Chapter Name	Jojos-part-5-ger-chapter-1
boss	1	Chapter Name	Jojos-part-5-ger-chapter-3
already	3	Chapter Name	diavolo-emerges-part3
already	1	Chapter Name	diavolo-emerges-part4
already	3	Chapter Name	diavolo_emerges_part1
already	1	Chapter Name	Jojos-part-5-ger-chapter-3
already	1	Chapter Name	Jojos-part-5-ger-chapter-4
observed	1	Chapter Name	diavolo-emerges-part3
look	4	Chapter Name	diavolo-emerges-part3
look	2	Chapter Name	diavolo-emerges-part5
look	2	Chapter Name	diavolo_emerges_part1
look	3	Chapter Name	Jojos-part-5-ger-chapter-1
look	2	Chapter Name	Jojos-part-5-ger-chapter-2
look	3	Chapter Name	Jojos-part-5-ger-chapter-3
don't	7	Chapter Name	diavolo-emerges-part3
don't	1	Chapter Name	diavolo-emerges-part4
don't	1	Chapter Name	diavolo-emerges-part5
don't	7	Chapter Name	diavolo_emerges_part1
don't	1	Chapter Name	diavolo_emerges_part2
don't	3	Chapter Name	Jojos-part-5-ger-chapter-1
don't	3	Chapter Name	Jojos-part-5-ger-chapter-3
don't	1	Chapter Name	Jojos-part-5-ger-chapter-4
don't	3	Chapter Name	king-of-kings
takes	4	Chapter Name	diavolo-emerges-part3
priority	2	Chapter Name	diavolo-emerges-part3
shoot	5	Chapter Name	diavolo-emerges-part3
shoot	1	Chapter Name	diavolo-emerges-part4
can't	5	Chapter Name	diavolo-emerges-part3
can't	1	Chapter Name	diavolo-emerges-part4
can't	2	Chapter Name	diavolo_emerges_part1
can't	4	Chapter Name	diavolo_emerges_part2
can't	5	Chapter Name	Jojos-part-5-ger-chapter-3
can't	1	Chapter Name	king-of-kings
let	5	Chapter Name	diavolo-emerges-part3
let	6	Chapter Name	diavolo-emerges-part4
let	3	Chapter Name	diavolo-emerges-part5
let	2	Chapter Name	diavolo_emerges_part1
let	4	Chapter Name	diavolo_emerges_part2
let	2	Chapter Name	Jojos-part-5-ger-chapter-1
let	2	Chapter Name	Jojos-part-5-ger-chapter-3
let	5	Chapter Name	Jojos-part-5-ger-chapter-4
let	2	Chapter Name	king-of-kings
first	4	Chapter Name	diavolo-emerges-part3
first	2	Chapter Name	diavolo_emerges_part1
first	4	Chapter Name	diavolo_emerges_part2
waste	2	Chapter Name	diavolo-emerges-part3
any	4	Chapter Name	diavolo-emerges-part3
any	1	Chapter Name	diavolo-emerges-part4
any	6	Chapter Name	diavolo_emerges_part1
any	8	Chapter Name	diavolo_emerges_part2
any	7	Chapter Name	Jojos-part-5-ger-chapter-3
any	1	Chapter Name	king-of-kings
it's	4	Chapter Name	diavolo-emerges-part3
it's	3	Chapter Name	diavolo-emerges-part4
it's	1	Chapter Name	diavolo-emerges-part5
it's	6	Chapter Name	diavolo_emerges_part1
it's	8	Chapter Name	diavolo_emerges_part2
it's	2	Chapter Name	Jojos-part-5-ger-chapter-1
it's	2	Chapter Name	Jojos-part-5-ger-chapter-2
it's	1	Chapter Name	Jojos-part-5-ger-chapter-3
it's	1	Chapter Name	king-of-kings
own	7	Chapter Name	diavolo-emerges-part3
own	2	Chapter Name	diavolo-emerges-part4
own	1	Chapter Name	diavolo-emerges-part5
own	4	Chapter Name	diavolo_emerges_part1
own	2	Chapter Name	diavolo_emerges_part2
own	1	Chapter Name	Jojos-part-5-ger-chapter-1
own	1	Chapter Name	Jojos-part-5-ger-chapter-2
own	2	Chapter Name	Jojos-part-5-ger-chapter-3
own	3	Chapter Name	king-of-kings
i've	1	Chapter Name	diavolo-emerges-part3
i've	1	Chapter Name	diavolo_emerges_part1
i've	2	Chapter Name	diavolo_emerges_part2
i've	1	Chapter Name	Jojos-part-5-ger-chapter-1
that's	2	Chapter Name	diavolo-emerges-part3
that's	3	Chapter Name	diavolo_emerges_part1
that's	2	Chapter Name	diavolo_emerges_part2
that's	7	Chapter Name	Jojos-part-5-ger-chapter-1
that's	1	Chapter Name	Jojos-part-5-ger-chapter-2
that's	1	Chapter Name	king-of-kings
fired	2	Chapter Name	diavolo-emerges-part3
buc-cellati	1	Chapter Name	diavolo-emerges-part3
six	1	Chapter Name	diavolo-emerges-part3
shots	1	Chapter Name	diavolo-emerges-part3
seems	1	Chapter Name	diavolo-emerges-part3
seems	1	Chapter Name	diavolo-emerges-part5
skipping	1	Chapter Name	diavolo-emerges-part3
erasing	1	Chapter Name	diavolo-emerges-part3
forcasted	1	Chapter Name	diavolo-emerges-part3
trajectories	1	Chapter Name	diavolo-emerges-part3
bullets	1	Chapter Name	diavolo-emerges-part3
bullets	5	Chapter Name	diavolo-emerges-part4
bullets	1	Chapter Name	diavolo-emerges-part5
bullets	1	Chapter Name	diavolo_emerges_part1
stop	2	Chapter Name	diavolo-emerges-part3
stop	1	Chapter Name	diavolo-emerges-part4
stop	2	Chapter Name	diavolo-emerges-part5
stop	3	Chapter Name	diavolo_emerges_part1
stop	3	Chapter Name	diavolo_emerges_part2
stop	1	Chapter Name	Jojos-part-5-ger-chapter-3
stop	2	Chapter Name	Jojos-part-5-ger-chapter-4
stop	1	Chapter Name	king-of-kings
care	2	Chapter Name	diavolo-emerges-part3
catches	2	Chapter Name	diavolo-emerges-part3
lose	2	Chapter Name	diavolo-emerges-part3
lose	2	Chapter Name	diavolo-emerges-part4
lose	1	Chapter Name	diavolo-emerges-part5
lose	9	Chapter Name	diavolo_emerges_part1
lose	7	Chapter Name	diavolo_emerges_part2
lose	1	Chapter Name	king-of-kings
every	5	Chapter Name	diavolo-emerges-part3
every	2	Chapter Name	diavolo-emerges-part5
every	3	Chapter Name	diavolo_emerges_part1
every	3	Chapter Name	diavolo_emerges_part2
every	5	Chapter Name	Jojos-part-5-ger-chapter-1
every	1	Chapter Name	Jojos-part-5-ger-chapter-3
every	1	Chapter Name	Jojos-part-5-ger-chapter-4
last	2	Chapter Name	diavolo-emerges-part3
last	1	Chapter Name	diavolo_emerges_part1
last	1	Chapter Name	Jojos-part-5-ger-chapter-3
last	5	Chapter Name	Jojos-part-5-ger-chapter-4
detail	1	Chapter Name	diavolo-emerges-part3
forecasted	1	Chapter Name	diavolo-emerges-part3
movement	2	Chapter Name	diavolo-emerges-part3
knew	1	Chapter Name	diavolo-emerges-part3
knew	1	Chapter Name	diavolo-emerges-part5
where	3	Chapter Name	diavolo-emerges-part3
where	1	Chapter Name	diavolo-emerges-part4
where	5	Chapter Name	diavolo_emerges_part1
where	1	Chapter Name	diavolo_emerges_part2
where	2	Chapter Name	Jojos-part-5-ger-chapter-2
where	15	Chapter Name	Jojos-part-5-ger-chapter-3
where	1	Chapter Name	Jojos-part-5-ger-chapter-4
where	1	Chapter Name	king-of-kings
steel	1	Chapter Name	diavolo-emerges-part3
pipe	1	Chapter Name	diavolo-emerges-part3
fall	1	Chapter Name	diavolo-emerges-part3
fall	2	Chapter Name	Jojos-part-5-ger-chapter-3
fall	2	Chapter Name	king-of-kings
known	1	Chapter Name	diavolo-emerges-part3
known	2	Chapter Name	diavolo_emerges_part1
known	1	Chapter Name	Jojos-part-5-ger-chapter-3
known	1	Chapter Name	king-of-kings
pistols	1	Chapter Name	diavolo-emerges-part3
pistols	2	Chapter Name	diavolo-emerges-part4
pistols	2	Chapter Name	diavolo_emerges_part1
still	2	Chapter Name	diavolo-emerges-part3
still	3	Chapter Name	diavolo_emerges_part1
still	2	Chapter Name	Jojos-part-5-ger-chapter-2
still	7	Chapter Name	Jojos-part-5-ger-chapter-3
still	2	Chapter Name	Jojos-part-5-ger-chapter-4
chase	2	Chapter Name	diavolo-emerges-part3
chase	1	Chapter Name	diavolo_emerges_part1
chase	2	Chapter Name	diavolo_emerges_part2
down	2	Chapter Name	diavolo-emerges-part3
down	1	Chapter Name	diavolo-emerges-part4
down	1	Chapter Name	diavolo_emerges_part1
shadow	19	Chapter Name	diavolo-emerges-part3
shadow	4	Chapter Name	diavolo_emerges_part1
requiem's	3	Chapter Name	diavolo-emerges-part3
requiem's	4	Chapter Name	diavolo_emerges_part1
requiem's	3	Chapter Name	Jojos-part-5-ger-chapter-3
requiem's	1	Chapter Name	king-of-kings
secret	3	Chapter Name	diavolo-emerges-part3
secret	3	Chapter Name	diavolo_emerges_part1
anyone	1	Chapter Name	diavolo-emerges-part3
anyone	1	Chapter Name	diavolo-emerges-part4
anyone	1	Chapter Name	diavolo_emerges_part1
anyone	2	Chapter Name	Jojos-part-5-ger-chapter-3
touch	1	Chapter Name	diavolo-emerges-part3
touch	2	Chapter Name	diavolo-emerges-part4
touch	2	Chapter Name	diavolo_emerges_part2
behind	2	Chapter Name	diavolo-emerges-part3
behind	3	Chapter Name	diavolo-emerges-part4
behind	2	Chapter Name	diavolo-emerges-part5
behind	1	Chapter Name	diavolo_emerges_part2
within	1	Chapter Name	diavolo-emerges-part3
within	2	Chapter Name	diavolo_emerges_part2
within	2	Chapter Name	Jojos-part-5-ger-chapter-2
long	2	Chapter Name	diavolo-emerges-part3
long	1	Chapter Name	Jojos-part-5-ger-chapter-1
long	2	Chapter Name	Jojos-part-5-ger-chapter-3
i'm	2	Chapter Name	diavolo-emerges-part3
i'm	2	Chapter Name	diavolo-emerges-part4
i'm	3	Chapter Name	diavolo-emerges-part5
i'm	5	Chapter Name	diavolo_emerges_part1
i'm	4	Chapter Name	diavolo_emerges_part2
i'm	2	Chapter Name	Jojos-part-5-ger-chapter-1
i'm	1	Chapter Name	Jojos-part-5-ger-chapter-3
wrong	1	Chapter Name	diavolo-emerges-part3
wrong	1	Chapter Name	diavolo-emerges-part5
wrong	2	Chapter Name	king-of-kings
moving	1	Chapter Name	diavolo-emerges-part3
always	1	Chapter Name	diavolo-emerges-part3
always	3	Chapter Name	diavolo_emerges_part1
opposite	1	Chapter Name	diavolo-emerges-part3
moves	2	Chapter Name	diavolo-emerges-part3
relation	1	Chapter Name	diavolo-emerges-part3
sun	1	Chapter Name	diavolo-emerges-part3
sun	1	Chapter Name	diavolo_emerges_part1
right	2	Chapter Name	diavolo-emerges-part3
right	1	Chapter Name	diavolo-emerges-part5
right	13	Chapter Name	diavolo_emerges_part1
right	8	Chapter Name	diavolo_emerges_part2
right	3	Chapter Name	Jojos-part-5-ger-chapter-1
right	3	Chapter Name	Jojos-part-5-ger-chapter-4
right	2	Chapter Name	king-of-kings
left	1	Chapter Name	diavolo-emerges-part3
left	1	Chapter Name	king-of-kings
front	2	Chapter Name	diavolo-emerges-part3
means	2	Chapter Name	diavolo-emerges-part3
men	3	Chapter Name	diavolo-emerges-part3
men	1	Chapter Name	diavolo_emerges_part1
men	2	Chapter Name	diavolo_emerges_part2
men	2	Chapter Name	Jojos-part-5-ger-chapter-1
men	2	Chapter Name	Jojos-part-5-ger-chapter-2
ground	1	Chapter Name	diavolo-emerges-part3
ground	1	Chapter Name	Jojos-part-5-ger-chapter-1
ground	2	Chapter Name	Jojos-part-5-ger-chapter-3
ground	1	Chapter Name	king-of-kings
man	2	Chapter Name	diavolo-emerges-part3
man	1	Chapter Name	diavolo-emerges-part5
man	3	Chapter Name	diavolo_emerges_part1
man	3	Chapter Name	diavolo_emerges_part2
man	4	Chapter Name	Jojos-part-5-ger-chapter-3
man	1	Chapter Name	Jojos-part-5-ger-chapter-4
man	1	Chapter Name	king-of-kings
see	4	Chapter Name	diavolo-emerges-part3
see	2	Chapter Name	diavolo-emerges-part5
see	8	Chapter Name	diavolo_emerges_part1
see	4	Chapter Name	Jojos-part-5-ger-chapter-1
see	2	Chapter Name	Jojos-part-5-ger-chapter-2
see	1	Chapter Name	Jojos-part-5-ger-chapter-3
see	2	Chapter Name	king-of-kings
pointing	2	Chapter Name	diavolo-emerges-part3
towards	1	Chapter Name	diavolo-emerges-part3
buccellati	1	Chapter Name	diavolo-emerges-part3
buccellati	1	Chapter Name	diavolo-emerges-part4
buccellati	6	Chapter Name	diavolo-emerges-part5
buccellati	5	Chapter Name	diavolo_emerges_part1
buccellati	1	Chapter Name	Jojos-part-5-ger-chapter-1
buccellati	2	Chapter Name	Jojos-part-5-ger-chapter-4
something	1	Chapter Name	diavolo-emerges-part3
something	2	Chapter Name	diavolo-emerges-part4
something	2	Chapter Name	diavolo-emerges-part5
something	2	Chapter Name	diavolo_emerges_part1
something	1	Chapter Name	Jojos-part-5-ger-chapter-1
something	3	Chapter Name	Jojos-part-5-ger-chapter-3
each	1	Chapter Name	diavolo-emerges-part3
each	1	Chapter Name	diavolo-emerges-part5
each	1	Chapter Name	diavolo_emerges_part1
each	1	Chapter Name	diavolo_emerges_part2
indi-vidual	1	Chapter Name	diavolo-emerges-part3
human	1	Chapter Name	diavolo-emerges-part3
human	1	Chapter Name	Jojos-part-5-ger-chapter-4
sees	1	Chapter Name	diavolo-emerges-part3
separately	1	Chapter Name	diavolo-emerges-part3
riddle	1	Chapter Name	diavolo-emerges-part3
souls	4	Chapter Name	diavolo-emerges-part3
souls	1	Chapter Name	diavolo-emerges-part5
souls	1	Chapter Name	diavolo_emerges_part1
souls	1	Chapter Name	Jojos-part-5-ger-chapter-1
personal	1	Chapter Name	diavolo-emerges-part3
personal	4	Chapter Name	diavolo_emerges_part1
personal	1	Chapter Name	diavolo_emerges_part2
light	6	Chapter Name	diavolo-emerges-part3
somewhere	1	Chapter Name	diavolo-emerges-part3
cast	3	Chapter Name	diavolo-emerges-part3
cast	3	Chapter Name	diavolo-emerges-part4
cast	4	Chapter Name	Jojos-part-5-ger-chapter-1
cast	5	Chapter Name	Jojos-part-5-ger-chapter-2
cast	2	Chapter Name	Jojos-part-5-ger-chapter-3
cast	4	Chapter Name	king-of-kings
controlling	1	Chapter Name	diavolo-emerges-part3
itself	1	Chapter Name	diavolo-emerges-part3
meant	1	Chapter Name	diavolo-emerges-part3
meant	1	Chapter Name	Jojos-part-5-ger-chapter-2
myself	1	Chapter Name	diavolo-emerges-part3
myself	1	Chapter Name	diavolo_emerges_part1
myself	2	Chapter Name	Jojos-part-5-ger-chapter-1
myself	1	Chapter Name	Jojos-part-5-ger-chapter-3
myself	2	Chapter Name	king-of-kings
remove	1	Chapter Name	diavolo-emerges-part3
able	1	Chapter Name	diavolo-emerges-part3
able	3	Chapter Name	diavolo-emerges-part4
able	2	Chapter Name	diavolo_emerges_part1
able	3	Chapter Name	diavolo_emerges_part2
able	4	Chapter Name	Jojos-part-5-ger-chapter-1
able	1	Chapter Name	Jojos-part-5-ger-chapter-2
obtain	2	Chapter Name	diavolo-emerges-part3
hasn't	2	Chapter Name	diavolo-emerges-part3
hasn't	1	Chapter Name	diavolo_emerges_part2
grabbed	2	Chapter Name	diavolo-emerges-part3
grabbed	1	Chapter Name	diavolo-emerges-part5
yet	2	Chapter Name	diavolo-emerges-part3
yet	1	Chapter Name	Jojos-part-5-ger-chapter-3
we're	2	Chapter Name	diavolo-emerges-part3
we're	1	Chapter Name	Jojos-part-5-ger-chapter-1
we're	1	Chapter Name	Jojos-part-5-ger-chapter-3
we're	4	Chapter Name	Jojos-part-5-ger-chapter-4
going	2	Chapter Name	diavolo-emerges-part3
going	1	Chapter Name	diavolo_emerges_part1
going	1	Chapter Name	diavolo_emerges_part2
going	2	Chapter Name	Jojos-part-5-ger-chapter-1
going	1	Chapter Name	Jojos-part-5-ger-chapter-3
going	1	Chapter Name	Jojos-part-5-ger-chapter-4
going	2	Chapter Name	king-of-kings
ohhhhhhhhhhhhh	1	Chapter Name	diavolo-emerges-part3
ohhhhhhh	2	Chapter Name	diavolo-emerges-part3
ohhhhhhh	1	Chapter Name	diavolo-emerges-part5
belongs	1	Chapter Name	diavolo-emerges-part3
belongs	1	Chapter Name	Jojos-part-5-ger-chapter-1
mine	2	Chapter Name	diavolo-emerges-part3
mine	1	Chapter Name	diavolo-emerges-part5
mine	1	Chapter Name	Jojos-part-5-ger-chapter-3
found	1	Chapter Name	diavolo-emerges-part3
found	1	Chapter Name	diavolo-emerges-part5
found	1	Chapter Name	diavolo_emerges_part1
found	1	Chapter Name	Jojos-part-5-ger-chapter-3
use	1	Chapter Name	diavolo-emerges-part3
use	3	Chapter Name	diavolo-emerges-part4
use	2	Chapter Name	diavolo-emerges-part5
use	6	Chapter Name	diavolo_emerges_part1
use	2	Chapter Name	diavolo_emerges_part2
use	3	Chapter Name	Jojos-part-5-ger-chapter-3
use	1	Chapter Name	king-of-kings
cut	1	Chapter Name	diavolo-emerges-part3
off	1	Chapter Name	diavolo-emerges-part3
off	1	Chapter Name	diavolo-emerges-part5
off	3	Chapter Name	diavolo_emerges_part1
off	4	Chapter Name	diavolo_emerges_part2
off	1	Chapter Name	Jojos-part-5-ger-chapter-1
off	1	Chapter Name	Jojos-part-5-ger-chapter-4
hand	1	Chapter Name	diavolo-emerges-part3
hand	1	Chapter Name	diavolo-emerges-part4
hand	2	Chapter Name	diavolo-emerges-part5
hand	2	Chapter Name	diavolo_emerges_part1
hand	1	Chapter Name	Jojos-part-5-ger-chapter-1
hand	3	Chapter Name	king-of-kings
blood	1	Chapter Name	diavolo-emerges-part3
spilled	1	Chapter Name	diavolo-emerges-part3
became	1	Chapter Name	diavolo-emerges-part3
ordinary	1	Chapter Name	diavolo-emerges-part3
object	1	Chapter Name	diavolo-emerges-part3
gold	2	Chapter Name	diavolo-emerges-part3
gold	2	Chapter Name	diavolo_emerges_part1
gold	2	Chapter Name	diavolo_emerges_part2
gold	8	Chapter Name	Jojos-part-5-ger-chapter-1
gold	2	Chapter Name	Jojos-part-5-ger-chapter-2
gold	6	Chapter Name	Jojos-part-5-ger-chapter-3
gold	1	Chapter Name	Jojos-part-5-ger-chapter-4
gold	5	Chapter Name	king-of-kings
experience	2	Chapter Name	diavolo-emerges-part3
experience	2	Chapter Name	diavolo_emerges_part1
experience	7	Chapter Name	Jojos-part-5-ger-chapter-1
experience	2	Chapter Name	Jojos-part-5-ger-chapter-2
experience	6	Chapter Name	Jojos-part-5-ger-chapter-3
experience	1	Chapter Name	Jojos-part-5-ger-chapter-4
experience	5	Chapter Name	king-of-kings
activating	2	Chapter Name	diavolo-emerges-part3
broke	3	Chapter Name	diavolo-emerges-part4
broke	6	Chapter Name	diavolo_emerges_part1
head	3	Chapter Name	diavolo-emerges-part4
head	1	Chapter Name	diavolo-emerges-part5
head	2	Chapter Name	Jojos-part-5-ger-chapter-1
head	1	Chapter Name	Jojos-part-5-ger-chapter-3
there's	1	Chapter Name	diavolo-emerges-part4
there's	1	Chapter Name	diavolo-emerges-part5
there's	3	Chapter Name	diavolo_emerges_part1
there's	1	Chapter Name	diavolo_emerges_part2
there's	1	Chapter Name	Jojos-part-5-ger-chapter-1
peeking	1	Chapter Name	diavolo-emerges-part4
peeking	1	Chapter Name	Jojos-part-5-ger-chapter-1
cracks	1	Chapter Name	diavolo-emerges-part4
cracks	1	Chapter Name	Jojos-part-5-ger-chapter-1
antis	1	Chapter Name	diavolo-emerges-part4
bugs	1	Chapter Name	diavolo-emerges-part4
crawling	1	Chapter Name	diavolo-emerges-part4
giorno's	1	Chapter Name	diavolo-emerges-part4
giorno's	5	Chapter Name	Jojos-part-5-ger-chapter-1
giorno's	2	Chapter Name	king-of-kings
life	1	Chapter Name	diavolo-emerges-part4
life	3	Chapter Name	diavolo-emerges-part5
life	2	Chapter Name	diavolo_emerges_part1
life	2	Chapter Name	diavolo_emerges_part2
engery	1	Chapter Name	diavolo-emerges-part4
good	1	Chapter Name	diavolo-emerges-part4
good	3	Chapter Name	diavolo_emerges_part1
good	2	Chapter Name	Jojos-part-5-ger-chapter-3
good	3	Chapter Name	Jojos-part-5-ger-chapter-4
good	3	Chapter Name	king-of-kings
far	1	Chapter Name	diavolo-emerges-part4
far	2	Chapter Name	diavolo_emerges_part1
far	1	Chapter Name	diavolo_emerges_part2
far	1	Chapter Name	Jojos-part-5-ger-chapter-1
we'll	1	Chapter Name	diavolo-emerges-part4
we'll	1	Chapter Name	diavolo_emerges_part1
hurry	1	Chapter Name	diavolo-emerges-part4
hurry	1	Chapter Name	diavolo_emerges_part2
ahead	1	Chapter Name	diavolo-emerges-part4
git	1	Chapter Name	diavolo-emerges-part4
it,mis	1	Chapter Name	diavolo-emerges-part4
action	1	Chapter Name	diavolo-emerges-part4
action	1	Chapter Name	diavolo_emerges_part1
action	5	Chapter Name	Jojos-part-5-ger-chapter-1
action	3	Chapter Name	Jojos-part-5-ger-chapter-2
scene	1	Chapter Name	diavolo-emerges-part4
gotcha	1	Chapter Name	diavolo-emerges-part4
perfectly	1	Chapter Name	diavolo-emerges-part4
forecast	1	Chapter Name	diavolo-emerges-part3
forecast	1	Chapter Name	diavolo-emerges-part4
forecast	4	Chapter Name	Jojos-part-5-ger-chapter-1
forecast	5	Chapter Name	Jojos-part-5-ger-chapter-2
forecast	2	Chapter Name	Jojos-part-5-ger-chapter-3
forecast	4	Chapter Name	king-of-kings
paths	1	Chapter Name	diavolo-emerges-part4
paths	1	Chapter Name	diavolo-emerges-part5
distance	1	Chapter Name	diavolo-emerges-part4
proctect	1	Chapter Name	diavolo-emerges-part4
himself	1	Chapter Name	diavolo-emerges-part4
himself	1	Chapter Name	Jojos-part-5-ger-chapter-1
reamining	1	Chapter Name	diavolo-emerges-part4
knock	1	Chapter Name	diavolo-emerges-part4
knock	1	Chapter Name	diavolo_emerges_part1
grunts	1	Chapter Name	diavolo-emerges-part4
filthy	2	Chapter Name	diavolo-emerges-part4
abilities	1	Chapter Name	diavolo-emerges-part4
abilities	1	Chapter Name	Jojos-part-5-ger-chapter-2
trifling	1	Chapter Name	diavolo-emerges-part4
intellects	1	Chapter Name	diavolo-emerges-part4
never	4	Chapter Name	diavolo-emerges-part4
never	1	Chapter Name	diavolo-emerges-part5
never	2	Chapter Name	diavolo_emerges_part2
never	3	Chapter Name	Jojos-part-5-ger-chapter-1
never	1	Chapter Name	Jojos-part-5-ger-chapter-2
never	3	Chapter Name	Jojos-part-5-ger-chapter-3
surpass	1	Chapter Name	diavolo-emerges-part4
crimson's	1	Chapter Name	diavolo-emerges-part4
crimson's	2	Chapter Name	diavolo-emerges-part5
forcasts...nor	1	Chapter Name	diavolo-emerges-part4
circumvent	1	Chapter Name	diavolo-emerges-part4
matter	1	Chapter Name	diavolo-emerges-part4
matter	1	Chapter Name	diavolo_emerges_part1
matter	1	Chapter Name	diavolo_emerges_part2
matter	1	Chapter Name	Jojos-part-5-ger-chapter-2
aah	1	Chapter Name	diavolo-emerges-part3
aah	1	Chapter Name	diavolo-emerges-part4
aah	2	Chapter Name	Jojos-part-5-ger-chapter-1
aah	5	Chapter Name	Jojos-part-5-ger-chapter-3
aah	2	Chapter Name	king-of-kings
ah	1	Chapter Name	diavolo-emerges-part3
ah	2	Chapter Name	diavolo-emerges-part4
ah	2	Chapter Name	diavolo-emerges-part5
ah	5	Chapter Name	diavolo_emerges_part1
ah	2	Chapter Name	diavolo_emerges_part2
ah	4	Chapter Name	Jojos-part-5-ger-chapter-1
ah	1	Chapter Name	Jojos-part-5-ger-chapter-2
ah	9	Chapter Name	Jojos-part-5-ger-chapter-3
ah	1	Chapter Name	Jojos-part-5-ger-chapter-4
ah	13	Chapter Name	king-of-kings
th..the	2	Chapter Name	diavolo-emerges-part4
civ..he'd	1	Chapter Name	diavolo-emerges-part4
tossed	1	Chapter Name	diavolo-emerges-part4
himinto	1	Chapter Name	diavolo-emerges-part4
air	1	Chapter Name	diavolo-emerges-part4
air	2	Chapter Name	king-of-kings
predicted	2	Chapter Name	diavolo-emerges-part4
predicted	1	Chapter Name	diavolo_emerges_part1
imapacts	1	Chapter Name	diavolo-emerges-part4
went	3	Chapter Name	diavolo-emerges-part4
stil	2	Chapter Name	diavolo-emerges-part3
stil	1	Chapter Name	diavolo-emerges-part4
stil	3	Chapter Name	diavolo_emerges_part1
stil	2	Chapter Name	Jojos-part-5-ger-chapter-2
stil	7	Chapter Name	Jojos-part-5-ger-chapter-3
stil	2	Chapter Name	Jojos-part-5-ger-chapter-4
team	1	Chapter Name	diavolo-emerges-part4
working	1	Chapter Name	diavolo-emerges-part4
quite	1	Chapter Name	diavolo-emerges-part4
cold	1	Chapter Name	diavolo-emerges-part4
sweat	1	Chapter Name	diavolo-emerges-part4
foolish	1	Chapter Name	diavolo-emerges-part4
betray	1	Chapter Name	diavolo-emerges-part4
betray	1	Chapter Name	diavolo-emerges-part5
gang...and	1	Chapter Name	diavolo-emerges-part4
imagined	1	Chapter Name	diavolo-emerges-part4
discover	2	Chapter Name	diavolo-emerges-part3
discover	1	Chapter Name	diavolo-emerges-part4
identity	1	Chapter Name	diavolo-emerges-part4
identity	1	Chapter Name	Jojos-part-5-ger-chapter-3
ever	5	Chapter Name	diavolo-emerges-part3
ever	5	Chapter Name	diavolo-emerges-part4
ever	3	Chapter Name	diavolo-emerges-part5
ever	8	Chapter Name	diavolo_emerges_part1
ever	8	Chapter Name	diavolo_emerges_part2
ever	8	Chapter Name	Jojos-part-5-ger-chapter-1
ever	5	Chapter Name	Jojos-part-5-ger-chapter-2
ever	5	Chapter Name	Jojos-part-5-ger-chapter-3
ever	1	Chapter Name	Jojos-part-5-ger-chapter-4
because	2	Chapter Name	diavolo-emerges-part4
because	2	Chapter Name	diavolo-emerges-part5
because	6	Chapter Name	diavolo_emerges_part1
because	2	Chapter Name	diavolo_emerges_part2
because	1	Chapter Name	king-of-kings
learned	2	Chapter Name	diavolo-emerges-part4
arrow's	2	Chapter Name	diavolo-emerges-part4
arrow's	3	Chapter Name	Jojos-part-5-ger-chapter-1
true	2	Chapter Name	diavolo-emerges-part4
true	1	Chapter Name	diavolo_emerges_part2
ability	2	Chapter Name	diavolo-emerges-part4
ability	1	Chapter Name	diavolo-emerges-part5
ability	2	Chapter Name	diavolo_emerges_part1
ability	2	Chapter Name	diavolo_emerges_part2
ability	3	Chapter Name	Jojos-part-5-ger-chapter-1
ability	1	Chapter Name	Jojos-part-5-ger-chapter-2
ability	1	Chapter Name	Jojos-part-5-ger-chapter-3
ability	2	Chapter Name	king-of-kings
gift!a	1	Chapter Name	diavolo-emerges-part4
tribute	1	Chapter Name	diavolo-emerges-part4
fate	2	Chapter Name	diavolo-emerges-part4
fate	1	Chapter Name	diavolo-emerges-part5
fate	1	Chapter Name	Jojos-part-5-ger-chapter-1
fate	1	Chapter Name	Jojos-part-5-ger-chapter-4
fate	4	Chapter Name	king-of-kings
given	1	Chapter Name	diavolo-emerges-part4
over-coming	1	Chapter Name	diavolo-emerges-part4
past	3	Chapter Name	diavolo-emerges-part4
gimme	1	Chapter Name	diavolo-emerges-part4
bullets,pistols	1	Chapter Name	diavolo-emerges-part4
told	1	Chapter Name	diavolo-emerges-part4
told	2	Chapter Name	diavolo_emerges_part2
you,mista	1	Chapter Name	diavolo-emerges-part4
cartiridges	1	Chapter Name	diavolo-emerges-part4
load	1	Chapter Name	diavolo-emerges-part4
late	1	Chapter Name	diavolo-emerges-part4
late	2	Chapter Name	Jojos-part-5-ger-chapter-1
irl	1	Chapter Name	diavolo-emerges-part3
irl	2	Chapter Name	diavolo-emerges-part4
irl	1	Chapter Name	diavolo-emerges-part5
deflected	1	Chapter Name	diavolo-emerges-part4
mistas	1	Chapter Name	diavolo-emerges-part4
softened	1	Chapter Name	diavolo-emerges-part4
squashed	1	Chapter Name	diavolo-emerges-part4
like	1	Chapter Name	diavolo-emerges-part4
like	1	Chapter Name	diavolo-emerges-part5
like	3	Chapter Name	diavolo_emerges_part1
like	3	Chapter Name	Jojos-part-5-ger-chapter-3
chewing	1	Chapter Name	diavolo-emerges-part4
guminside	1	Chapter Name	diavolo-emerges-part4
hands	1	Chapter Name	diavolo-emerges-part4
hands	2	Chapter Name	diavolo-emerges-part5
hands	2	Chapter Name	diavolo_emerges_part1
hands	2	Chapter Name	king-of-kings
using	1	Chapter Name	diavolo-emerges-part4
tension	1	Chapter Name	diavolo-emerges-part4
reverted	1	Chapter Name	diavolo-emerges-part4
shot	1	Chapter Name	diavolo-emerges-part3
shot	1	Chapter Name	diavolo-emerges-part4
through	1	Chapter Name	diavolo-emerges-part4
through	1	Chapter Name	diavolo-emerges-part5
through	1	Chapter Name	diavolo_emerges_part2
through	1	Chapter Name	Jojos-part-5-ger-chapter-2
through	1	Chapter Name	Jojos-part-5-ger-chapter-3
overcome	2	Chapter Name	diavolo-emerges-part4
overcome	2	Chapter Name	Jojos-part-5-ger-chapter-1
ingerited	1	Chapter Name	diavolo-emerges-part4
cower	1	Chapter Name	diavolo-emerges-part4
flee	1	Chapter Name	diavolo-emerges-part4
flee	1	Chapter Name	Jojos-part-5-ger-chapter-3
flee	1	Chapter Name	king-of-kings
try	1	Chapter Name	diavolo-emerges-part4
try	1	Chapter Name	diavolo_emerges_part1
try	1	Chapter Name	Jojos-part-5-ger-chapter-1
try	2	Chapter Name	Jojos-part-5-ger-chapter-3
try	2	Chapter Name	Jojos-part-5-ger-chapter-4
try	3	Chapter Name	king-of-kings
soar	2	Chapter Name	diavolo-emerges-part4
beyond	2	Chapter Name	diavolo-emerges-part4
beyond	2	Chapter Name	Jojos-part-5-ger-chapter-1
beyond	1	Chapter Name	Jojos-part-5-ger-chapter-3
beyond	2	Chapter Name	king-of-kings
trish	2	Chapter Name	diavolo-emerges-part3
trish	3	Chapter Name	diavolo-emerges-part4
trish	6	Chapter Name	diavolo-emerges-part5
trish	10	Chapter Name	diavolo_emerges_part1
trish	1	Chapter Name	diavolo_emerges_part2
you're	1	Chapter Name	diavolo-emerges-part4
you're	1	Chapter Name	diavolo_emerges_part1
you're	4	Chapter Name	diavolo_emerges_part2
you're	1	Chapter Name	Jojos-part-5-ger-chapter-1
you're	1	Chapter Name	Jojos-part-5-ger-chapter-3
conscious	1	Chapter Name	diavolo-emerges-part4
flying	1	Chapter Name	diavolo-emerges-part4
flying	2	Chapter Name	diavolo-emerges-part5
coming	2	Chapter Name	diavolo-emerges-part4
coming	1	Chapter Name	diavolo_emerges_part1
coming	1	Chapter Name	king-of-kings
comes	1	Chapter Name	diavolo-emerges-part4
spicegirl	1	Chapter Name	diavolo-emerges-part4
closer	2	Chapter Name	diavolo-emerges-part4
closer	7	Chapter Name	diavolo_emerges_part1
closer	3	Chapter Name	diavolo_emerges_part2
beat	1	Chapter Name	diavolo-emerges-part4
erases	1	Chapter Name	diavolo-emerges-part4
forcasts	2	Chapter Name	diavolo-emerges-part4
it'll	1	Chapter Name	diavolo-emerges-part4
it'll	2	Chapter Name	diavolo_emerges_part1
it'll	1	Chapter Name	king-of-kings
land	2	Chapter Name	diavolo-emerges-part3
land	1	Chapter Name	diavolo-emerges-part4
only	2	Chapter Name	diavolo-emerges-part4
only	1	Chapter Name	diavolo-emerges-part5
only	5	Chapter Name	diavolo_emerges_part2
born	1	Chapter Name	diavolo-emerges-part4
born	2	Chapter Name	Jojos-part-5-ger-chapter-1
fear	1	Chapter Name	diavolo-emerges-part4
fear	3	Chapter Name	diavolo_emerges_part1
truly	1	Chapter Name	diavolo-emerges-part4
come	4	Chapter Name	diavolo-emerges-part4
come	5	Chapter Name	diavolo_emerges_part1
come	2	Chapter Name	Jojos-part-5-ger-chapter-1
come	7	Chapter Name	Jojos-part-5-ger-chapter-3
come	1	Chapter Name	Jojos-part-5-ger-chapter-4
you've	1	Chapter Name	diavolo-emerges-part4
you've	3	Chapter Name	diavolo_emerges_part2
you've	4	Chapter Name	king-of-kings
really	1	Chapter Name	diavolo-emerges-part4
really	1	Chapter Name	diavolo_emerges_part2
really	1	Chapter Name	Jojos-part-5-ger-chapter-3
made	1	Chapter Name	diavolo-emerges-part4
made	1	Chapter Name	Jojos-part-5-ger-chapter-4
mad	1	Chapter Name	diavolo-emerges-part4
mad	1	Chapter Name	Jojos-part-5-ger-chapter-4
gack	1	Chapter Name	diavolo-emerges-part4
gack	1	Chapter Name	Jojos-part-5-ger-chapter-3
want	1	Chapter Name	diavolo-emerges-part4
want	1	Chapter Name	diavolo-emerges-part5
want	2	Chapter Name	diavolo_emerges_part1
want	2	Chapter Name	Jojos-part-5-ger-chapter-3
you'll	1	Chapter Name	diavolo-emerges-part4
you'll	1	Chapter Name	diavolo_emerges_part2
wish	1	Chapter Name	diavolo-emerges-part4
soaring	1	Chapter Name	diavolo-emerges-part4
adn	1	Chapter Name	diavolo-emerges-part3
adn	1	Chapter Name	diavolo-emerges-part4
adn	1	Chapter Name	king-of-kings
heads	1	Chapter Name	diavolo-emerges-part4
triiiiii-ish	1	Chapter Name	diavolo-emerges-part4
punched	1	Chapter Name	diavolo-emerges-part5
though	1	Chapter Name	diavolo-emerges-part5
though	3	Chapter Name	diavolo_emerges_part1
though	1	Chapter Name	Jojos-part-5-ger-chapter-3
done	3	Chapter Name	diavolo-emerges-part5
done	2	Chapter Name	diavolo_emerges_part1
done	1	Chapter Name	Jojos-part-5-ger-chapter-4
h...her	1	Chapter Name	diavolo-emerges-part5
h...her	5	Chapter Name	diavolo_emerges_part1
h...her	2	Chapter Name	diavolo_emerges_part2
disappear-ing	1	Chapter Name	diavolo-emerges-part5
sky	1	Chapter Name	diavolo-emerges-part5
oooooooooooooooooooooohhhhhhhhhh	1	Chapter Name	diavolo-emerges-part5
apex	1	Chapter Name	diavolo-emerges-part5
apex	4	Chapter Name	Jojos-part-5-ger-chapter-1
apex	2	Chapter Name	king-of-kings
world	1	Chapter Name	diavolo-emerges-part5
world	1	Chapter Name	diavolo_emerges_part1
world	1	Chapter Name	Jojos-part-5-ger-chapter-1
world	2	Chapter Name	king-of-kings
power	1	Chapter Name	diavolo-emerges-part5
power	2	Chapter Name	diavolo_emerges_part1
power	4	Chapter Name	Jojos-part-5-ger-chapter-1
power	4	Chapter Name	king-of-kings
gift	1	Chapter Name	diavolo-emerges-part4
gift	1	Chapter Name	diavolo-emerges-part5
pierced	1	Chapter Name	diavolo-emerges-part5
pierced	1	Chapter Name	king-of-kings
crack!crack!crack	1	Chapter Name	diavolo-emerges-part5
crack	1	Chapter Name	diavolo-emerges-part4
crack	2	Chapter Name	diavolo-emerges-part5
crack	1	Chapter Name	Jojos-part-5-ger-chapter-1
crack	8	Chapter Name	king-of-kings
pierce	2	Chapter Name	diavolo-emerges-part5
pierce	1	Chapter Name	king-of-kings
w...what	1	Chapter Name	diavolo-emerges-part5
something's	1	Chapter Name	diavolo-emerges-part5
something's	2	Chapter Name	Jojos-part-5-ger-chapter-3
i...i	12	Chapter Name	diavolo-emerges-part3
i...i	7	Chapter Name	diavolo-emerges-part4
i...i	10	Chapter Name	diavolo-emerges-part5
i...i	11	Chapter Name	diavolo_emerges_part1
i...i	9	Chapter Name	diavolo_emerges_part2
i...i	7	Chapter Name	Jojos-part-5-ger-chapter-1
i...i	5	Chapter Name	Jojos-part-5-ger-chapter-2
i...i	11	Chapter Name	Jojos-part-5-ger-chapter-3
i...i	1	Chapter Name	Jojos-part-5-ger-chapter-4
i...i	11	Chapter Name	king-of-kings
spliting	1	Chapter Name	diavolo-emerges-part5
apart	1	Chapter Name	diavolo-emerges-part5
apart	2	Chapter Name	diavolo_emerges_part1
n...no	1	Chapter Name	diavolo-emerges-part5
n...no	1	Chapter Name	diavolo_emerges_part1
didn't	2	Chapter Name	diavolo-emerges-part5
didn't	1	Chapter Name	diavolo_emerges_part1
didn't	1	Chapter Name	Jojos-part-5-ger-chapter-1
didn't	1	Chapter Name	Jojos-part-5-ger-chapter-3
didn't	4	Chapter Name	king-of-kings
wind	1	Chapter Name	diavolo-emerges-part5
damn	1	Chapter Name	diavolo-emerges-part5
damn	2	Chapter Name	diavolo_emerges_part1
damn	1	Chapter Name	Jojos-part-5-ger-chapter-1
damn	2	Chapter Name	Jojos-part-5-ger-chapter-2
damn	2	Chapter Name	Jojos-part-5-ger-chapter-3
damn	5	Chapter Name	king-of-kings
predictions	1	Chapter Name	diavolo-emerges-part5
show	1	Chapter Name	diavolo-emerges-part5
show	2	Chapter Name	diavolo_emerges_part2
show	1	Chapter Name	Jojos-part-5-ger-chapter-2
show	1	Chapter Name	Jojos-part-5-ger-chapter-3
show	1	Chapter Name	king-of-kings
couldn't	1	Chapter Name	diavolo-emerges-part5
couldn't	1	Chapter Name	Jojos-part-5-ger-chapter-1
predict	2	Chapter Name	diavolo-emerges-part4
predict	2	Chapter Name	diavolo-emerges-part5
predict	1	Chapter Name	diavolo_emerges_part1
predict	2	Chapter Name	Jojos-part-5-ger-chapter-1
i'd	1	Chapter Name	diavolo-emerges-part5
bastard	1	Chapter Name	diavolo-emerges-part5
yourself	1	Chapter Name	diavolo-emerges-part5
yourself	1	Chapter Name	diavolo_emerges_part2
yourself	1	Chapter Name	Jojos-part-5-ger-chapter-4
wat	1	Chapter Name	diavolo-emerges-part5
wat	1	Chapter Name	diavolo_emerges_part2
wat	1	Chapter Name	Jojos-part-5-ger-chapter-3
destroy	2	Chapter Name	diavolo-emerges-part5
spirits	1	Chapter Name	diavolo-emerges-part5
looks	1	Chapter Name	diavolo-emerges-part5
looks	2	Chapter Name	diavolo_emerges_part1
need	1	Chapter Name	diavolo-emerges-part5
need	4	Chapter Name	diavolo_emerges_part1
need	1	Chapter Name	diavolo_emerges_part2
need	1	Chapter Name	Jojos-part-5-ger-chapter-3
break	1	Chapter Name	diavolo-emerges-part5
break	1	Chapter Name	diavolo_emerges_part2
finish	1	Chapter Name	diavolo-emerges-part5
finish	1	Chapter Name	Jojos-part-5-ger-chapter-1
wanted	1	Chapter Name	diavolo-emerges-part5
completelt	1	Chapter Name	diavolo-emerges-part5
extingusih	1	Chapter Name	diavolo-emerges-part5
bererk	1	Chapter Name	diavolo-emerges-part5
stand,requiem	1	Chapter Name	diavolo-emerges-part5
swapped	1	Chapter Name	diavolo-emerges-part5
i...i'm	1	Chapter Name	diavolo-emerges-part5
exiting	1	Chapter Name	diavolo-emerges-part5
deserving	1	Chapter Name	diavolo-emerges-part5
think	1	Chapter Name	diavolo-emerges-part5
think	1	Chapter Name	Jojos-part-5-ger-chapter-3
think	1	Chapter Name	Jojos-part-5-ger-chapter-4
worthy	1	Chapter Name	diavolo-emerges-part5
everything	1	Chapter Name	diavolo-emerges-part5
everything	1	Chapter Name	diavolo_emerges_part1
everything	1	Chapter Name	diavolo_emerges_part2
everything	1	Chapter Name	Jojos-part-5-ger-chapter-1
everything	1	Chapter Name	Jojos-part-5-ger-chapter-3
everything	1	Chapter Name	Jojos-part-5-ger-chapter-4
return	1	Chapter Name	diavolo-emerges-part5
return	1	Chapter Name	king-of-kings
normal	1	Chapter Name	diavolo-emerges-part5
normal	1	Chapter Name	diavolo_emerges_part2
normal	1	Chapter Name	king-of-kings
woah	1	Chapter Name	diavolo-emerges-part5
ohhhhhh	2	Chapter Name	diavolo-emerges-part3
ohhhhhh	3	Chapter Name	diavolo-emerges-part5
leave	1	Chapter Name	diavolo-emerges-part5
rest	1	Chapter Name	diavolo-emerges-part5
rest	1	Chapter Name	diavolo_emerges_part1
rest	1	Chapter Name	Jojos-part-5-ger-chapter-3
th...there's	1	Chapter Name	diavolo-emerges-part5
check	1	Chapter Name	diavolo-emerges-part5
check	5	Chapter Name	diavolo_emerges_part2
guys	1	Chapter Name	diavolo-emerges-part5
guys	1	Chapter Name	Jojos-part-5-ger-chapter-4
came	1	Chapter Name	diavolo-emerges-part3
came	2	Chapter Name	diavolo-emerges-part5
came	2	Chapter Name	diavolo_emerges_part1
came	1	Chapter Name	diavolo_emerges_part2
nick	1	Chapter Name	diavolo-emerges-part5
coliseum	2	Chapter Name	diavolo-emerges-part5
coliseum	1	Chapter Name	diavolo_emerges_part2
coliseum	3	Chapter Name	Jojos-part-5-ger-chapter-4
met	11	Chapter Name	diavolo-emerges-part3
met	2	Chapter Name	diavolo-emerges-part4
met	3	Chapter Name	diavolo-emerges-part5
met	7	Chapter Name	diavolo_emerges_part1
met	1	Chapter Name	diavolo_emerges_part2
met	1	Chapter Name	Jojos-part-5-ger-chapter-1
met	3	Chapter Name	Jojos-part-5-ger-chapter-3
hometown	1	Chapter Name	diavolo-emerges-part5
napoli	1	Chapter Name	diavolo-emerges-part5
betrayed	1	Chapter Name	diavolo-emerges-part5
gang	1	Chapter Name	diavolo-emerges-part4
gang	1	Chapter Name	diavolo-emerges-part5
heart	1	Chapter Name	diavolo-emerges-part5
heart	1	Chapter Name	Jojos-part-5-ger-chapter-2
heart	1	Chapter Name	Jojos-part-5-ger-chapter-3
heart	1	Chapter Name	king-of-kings
dying	1	Chapter Name	diavolo-emerges-part5
dying	1	Chapter Name	diavolo_emerges_part1
slow	1	Chapter Name	diavolo-emerges-part5
death	1	Chapter Name	diavolo-emerges-part5
death	1	Chapter Name	Jojos-part-5-ger-chapter-1
death	1	Chapter Name	Jojos-part-5-ger-chapter-2
death	4	Chapter Name	Jojos-part-5-ger-chapter-3
happiness	1	Chapter Name	diavolo-emerges-part5
fine	1	Chapter Name	diavolo-emerges-part5
fine	1	Chapter Name	diavolo_emerges_part1
fine	2	Chapter Name	Jojos-part-5-ger-chapter-4
worry	1	Chapter Name	diavolo-emerges-part5
worry	1	Chapter Name	Jojos-part-5-ger-chapter-4
worry	1	Chapter Name	king-of-kings
give	1	Chapter Name	diavolo-emerges-part4
give	1	Chapter Name	diavolo-emerges-part5
best	1	Chapter Name	diavolo-emerges-part5
dare	2	Chapter Name	diavolo-emerges-part5
dare	2	Chapter Name	king-of-kings
insigicant	1	Chapter Name	diavolo-emerges-part5
little	1	Chapter Name	diavolo-emerges-part5
little	1	Chapter Name	diavolo_emerges_part1
little	1	Chapter Name	Jojos-part-5-ger-chapter-3
pukes	1	Chapter Name	diavolo-emerges-part5
spewed	1	Chapter Name	diavolo-emerges-part5
dirty	1	Chapter Name	diavolo-emerges-part5
toilet	1	Chapter Name	diavolo-emerges-part5
conquer	1	Chapter Name	diavolo-emerges-part5
oooooohhhhhh	2	Chapter Name	diavolo-emerges-part5
hack	1	Chapter Name	diavolo-emerges-part5
ugh	2	Chapter Name	diavolo-emerges-part3
ugh	3	Chapter Name	diavolo-emerges-part4
ugh	6	Chapter Name	diavolo-emerges-part5
ugh	6	Chapter Name	diavolo_emerges_part1
ugh	3	Chapter Name	diavolo_emerges_part2
ugh	1	Chapter Name	Jojos-part-5-ger-chapter-2
ugh	10	Chapter Name	Jojos-part-5-ger-chapter-3
ugh	2	Chapter Name	Jojos-part-5-ger-chapter-4
ugh	2	Chapter Name	king-of-kings
apretty	1	Chapter Name	diavolo-emerges-part5
close	2	Chapter Name	diavolo-emerges-part4
close	1	Chapter Name	diavolo-emerges-part5
close	9	Chapter Name	diavolo_emerges_part1
close	7	Chapter Name	diavolo_emerges_part2
call	1	Chapter Name	diavolo-emerges-part5
call	2	Chapter Name	diavolo_emerges_part1
saved	1	Chapter Name	diavolo-emerges-part5
heal	1	Chapter Name	diavolo-emerges-part5
heal	1	Chapter Name	Jojos-part-5-ger-chapter-3
heal	1	Chapter Name	Jojos-part-5-ger-chapter-4
i'll	1	Chapter Name	diavolo-emerges-part5
i'll	1	Chapter Name	diavolo_emerges_part1
i'll	4	Chapter Name	diavolo_emerges_part2
i'll	1	Chapter Name	Jojos-part-5-ger-chapter-1
i'll	2	Chapter Name	Jojos-part-5-ger-chapter-3
i'll	1	Chapter Name	Jojos-part-5-ger-chapter-4
bet	1	Chapter Name	diavolo-emerges-part4
bet	2	Chapter Name	diavolo-emerges-part5
buccellati's	1	Chapter Name	diavolo-emerges-part5
buccellati's	1	Chapter Name	Jojos-part-5-ger-chapter-4
c'mon	1	Chapter Name	diavolo-emerges-part5
some-thing	5	Chapter Name	diavolo_emerges_part1
else	10	Chapter Name	diavolo_emerges_part1
else	1	Chapter Name	diavolo_emerges_part2
history	1	Chapter Name	diavolo_emerges_part1
planet	1	Chapter Name	diavolo_emerges_part1
spans	1	Chapter Name	diavolo_emerges_part1
billions	1	Chapter Name	diavolo_emerges_part1
years	1	Chapter Name	diavolo_emerges_part1
years	1	Chapter Name	Jojos-part-5-ger-chapter-3
few	2	Chapter Name	diavolo_emerges_part1
few	1	Chapter Name	diavolo_emerges_part2
few	1	Chapter Name	Jojos-part-5-ger-chapter-1
hours	1	Chapter Name	diavolo_emerges_part1
hours	1	Chapter Name	Jojos-part-5-ger-chapter-3
transformed	1	Chapter Name	diavolo_emerges_part1
bit	3	Chapter Name	diavolo_emerges_part1
bit	2	Chapter Name	Jojos-part-5-ger-chapter-3
symbols	5	Chapter Name	diavolo_emerges_part1
hell	3	Chapter Name	diavolo_emerges_part1
hell	1	Chapter Name	Jojos-part-5-ger-chapter-4
mean	3	Chapter Name	diavolo-emerges-part3
mean	1	Chapter Name	diavolo_emerges_part1
mean	1	Chapter Name	Jojos-part-5-ger-chapter-2
what's	2	Chapter Name	diavolo_emerges_part1
what's	2	Chapter Name	Jojos-part-5-ger-chapter-1
what's	1	Chapter Name	Jojos-part-5-ger-chapter-3
what's	1	Chapter Name	Jojos-part-5-ger-chapter-4
happening	1	Chapter Name	diavolo_emerges_part1
happening	1	Chapter Name	Jojos-part-5-ger-chapter-3
city	1	Chapter Name	diavolo_emerges_part1
wait	4	Chapter Name	diavolo_emerges_part1
wait	1	Chapter Name	diavolo_emerges_part2
wait	1	Chapter Name	Jojos-part-5-ger-chapter-1
wait	1	Chapter Name	Jojos-part-5-ger-chapter-3
wait	1	Chapter Name	king-of-kings
minute	2	Chapter Name	diavolo_emerges_part1
minute	1	Chapter Name	Jojos-part-5-ger-chapter-3
affecting	1	Chapter Name	diavolo_emerges_part1
entire	1	Chapter Name	diavolo_emerges_part1
entire	2	Chapter Name	diavolo_emerges_part2
entire	3	Chapter Name	Jojos-part-5-ger-chapter-3
they're	1	Chapter Name	diavolo_emerges_part1
doesn't	3	Chapter Name	diavolo_emerges_part1
doesn't	1	Chapter Name	Jojos-part-5-ger-chapter-3
feeling	1	Chapter Name	diavolo_emerges_part1
feeling	1	Chapter Name	Jojos-part-5-ger-chapter-3
pain	1	Chapter Name	diavolo_emerges_part1
pain	3	Chapter Name	Jojos-part-5-ger-chapter-3
either	3	Chapter Name	diavolo_emerges_part1
either	1	Chapter Name	diavolo_emerges_part2
either	1	Chapter Name	Jojos-part-5-ger-chapter-1
either	2	Chapter Name	Jojos-part-5-ger-chapter-3
everyone's	1	Chapter Name	diavolo_emerges_part1
got	1	Chapter Name	diavolo-emerges-part4
got	6	Chapter Name	diavolo_emerges_part1
got	2	Chapter Name	diavolo_emerges_part2
got	1	Chapter Name	king-of-kings
blank	1	Chapter Name	diavolo_emerges_part1
faces	4	Chapter Name	diavolo_emerges_part1
afraid	1	Chapter Name	diavolo_emerges_part1
mind	1	Chapter Name	diavolo_emerges_part1
exists	1	Chapter Name	diavolo_emerges_part1
exists	1	Chapter Name	diavolo_emerges_part2
disappear	1	Chapter Name	diavolo-emerges-part5
disappear	1	Chapter Name	diavolo_emerges_part1
weird	5	Chapter Name	diavolo_emerges_part1
weird	1	Chapter Name	diavolo_emerges_part2
eventually	1	Chapter Name	diavolo_emerges_part1
th	54	Chapter Name	diavolo-emerges-part3
th	33	Chapter Name	diavolo-emerges-part4
th	35	Chapter Name	diavolo-emerges-part5
th	83	Chapter Name	diavolo_emerges_part1
th	50	Chapter Name	diavolo_emerges_part2
th	42	Chapter Name	Jojos-part-5-ger-chapter-1
th	24	Chapter Name	Jojos-part-5-ger-chapter-2
th	54	Chapter Name	Jojos-part-5-ger-chapter-3
th	15	Chapter Name	Jojos-part-5-ger-chapter-4
th	45	Chapter Name	king-of-kings
thepower	1	Chapter Name	diavolo_emerges_part1
defeat	3	Chapter Name	diavolo_emerges_part1
defeat	1	Chapter Name	Jojos-part-5-ger-chapter-3
defeat	1	Chapter Name	king-of-kings
yeah	3	Chapter Name	diavolo_emerges_part1
yeah	1	Chapter Name	Jojos-part-5-ger-chapter-4
thearrow	5	Chapter Name	diavolo_emerges_part1
polna-reff	1	Chapter Name	diavolo_emerges_part1
polna-reff	1	Chapter Name	diavolo_emerges_part2
piece	4	Chapter Name	diavolo_emerges_part1
shit	1	Chapter Name	diavolo_emerges_part1
happen	9	Chapter Name	diavolo_emerges_part1
happen	2	Chapter Name	diavolo_emerges_part2
happen	1	Chapter Name	Jojos-part-5-ger-chapter-1
happen	1	Chapter Name	Jojos-part-5-ger-chapter-3
happen	1	Chapter Name	Jojos-part-5-ger-chapter-4
different	1	Chapter Name	diavolo_emerges_part1
rates	1	Chapter Name	diavolo_emerges_part1
finally	1	Chapter Name	diavolo_emerges_part1
finally	1	Chapter Name	diavolo_emerges_part2
finally	1	Chapter Name	Jojos-part-5-ger-chapter-3
begin	1	Chapter Name	diavolo_emerges_part1
you"ve	2	Chapter Name	diavolo_emerges_part1
tie	1	Chapter Name	diavolo-emerges-part4
tie	2	Chapter Name	diavolo_emerges_part1
tie	2	Chapter Name	diavolo_emerges_part2
tie	1	Chapter Name	Jojos-part-5-ger-chapter-2
knot	2	Chapter Name	diavolo_emerges_part1
around	2	Chapter Name	diavolo_emerges_part1
necks	2	Chapter Name	diavolo_emerges_part1
nobody	8	Chapter Name	diavolo_emerges_part1
nobody	1	Chapter Name	Jojos-part-5-ger-chapter-1
we'd	1	Chapter Name	diavolo_emerges_part1
abe	1	Chapter Name	diavolo_emerges_part1
dead	1	Chapter Name	diavolo_emerges_part1
dead	1	Chapter Name	Jojos-part-5-ger-chapter-1
weren't	1	Chapter Name	diavolo_emerges_part1
same	2	Chapter Name	diavolo_emerges_part1
thing	1	Chapter Name	diavolo-emerges-part3
thing	2	Chapter Name	diavolo-emerges-part4
thing	3	Chapter Name	diavolo-emerges-part5
thing	9	Chapter Name	diavolo_emerges_part1
thing	1	Chapter Name	diavolo_emerges_part2
thing	5	Chapter Name	Jojos-part-5-ger-chapter-1
thing	4	Chapter Name	Jojos-part-5-ger-chapter-3
thing	1	Chapter Name	Jojos-part-5-ger-chapter-4
thing	5	Chapter Name	king-of-kings
happened	5	Chapter Name	diavolo_emerges_part1
happened	1	Chapter Name	Jojos-part-5-ger-chapter-4
soon	3	Chapter Name	diavolo_emerges_part1
find	5	Chapter Name	diavolo_emerges_part1
find	2	Chapter Name	diavolo_emerges_part2
find	1	Chapter Name	Jojos-part-5-ger-chapter-1
find	3	Chapter Name	Jojos-part-5-ger-chapter-3
thearrowsomehow	1	Chapter Name	diavolo_emerges_part1
bossis	1	Chapter Name	diavolo_emerges_part1
wherever	1	Chapter Name	diavolo_emerges_part1
yes	5	Chapter Name	diavolo_emerges_part1
yes	2	Chapter Name	diavolo_emerges_part2
yes	1	Chapter Name	Jojos-part-5-ger-chapter-1
yes	1	Chapter Name	Jojos-part-5-ger-chapter-2
hahahah	2	Chapter Name	diavolo_emerges_part1
hahahah	7	Chapter Name	king-of-kings
actions	1	Chapter Name	diavolo_emerges_part1
actions	5	Chapter Name	Jojos-part-5-ger-chapter-1
actions	3	Chapter Name	Jojos-part-5-ger-chapter-2
surround	2	Chapter Name	diavolo_emerges_part1
torequiem	1	Chapter Name	diavolo_emerges_part1
seize	2	Chapter Name	diavolo_emerges_part1
crimson,shall	1	Chapter Name	diavolo_emerges_part1
snatch	1	Chapter Name	diavolo_emerges_part1
am	1	Chapter Name	diavolo-emerges-part3
am	2	Chapter Name	diavolo-emerges-part4
am	3	Chapter Name	diavolo-emerges-part5
am	7	Chapter Name	diavolo_emerges_part1
am	1	Chapter Name	diavolo_emerges_part2
am	5	Chapter Name	Jojos-part-5-ger-chapter-1
am	7	Chapter Name	Jojos-part-5-ger-chapter-2
am	11	Chapter Name	Jojos-part-5-ger-chapter-3
am	9	Chapter Name	king-of-kings
thatshadowcoming	1	Chapter Name	diavolo_emerges_part1
feet	1	Chapter Name	diavolo_emerges_part1
walks	1	Chapter Name	diavolo_emerges_part1
points	1	Chapter Name	diavolo_emerges_part1
direction	1	Chapter Name	diavolo_emerges_part1
some	2	Chapter Name	diavolo-emerges-part3
some	2	Chapter Name	diavolo-emerges-part4
some	2	Chapter Name	diavolo-emerges-part5
some	14	Chapter Name	diavolo_emerges_part1
some	2	Chapter Name	diavolo_emerges_part2
some	2	Chapter Name	Jojos-part-5-ger-chapter-1
some	6	Chapter Name	Jojos-part-5-ger-chapter-3
reason	3	Chapter Name	diavolo_emerges_part1
reason	1	Chapter Name	diavolo_emerges_part2
reason	1	Chapter Name	Jojos-part-5-ger-chapter-1
reason	1	Chapter Name	Jojos-part-5-ger-chapter-3
rising	1	Chapter Name	diavolo_emerges_part1
theeast	1	Chapter Name	diavolo_emerges_part1
east	2	Chapter Name	diavolo_emerges_part1
requiem'sarrowand	1	Chapter Name	diavolo_emerges_part1
steal	2	Chapter Name	diavolo_emerges_part1
steal	2	Chapter Name	Jojos-part-5-ger-chapter-3
certain	1	Chapter Name	diavolo_emerges_part1
certain	1	Chapter Name	diavolo_emerges_part2
certain	1	Chapter Name	Jojos-part-5-ger-chapter-3
pick	2	Chapter Name	diavolo_emerges_part1
doing	1	Chapter Name	diavolo_emerges_part1
doing	3	Chapter Name	Jojos-part-5-ger-chapter-3
again	1	Chapter Name	diavolo_emerges_part1
again	1	Chapter Name	diavolo_emerges_part2
again	3	Chapter Name	Jojos-part-5-ger-chapter-1
again	2	Chapter Name	Jojos-part-5-ger-chapter-3
surroundrequiem	1	Chapter Name	diavolo_emerges_part1
catch	2	Chapter Name	diavolo-emerges-part3
catch	1	Chapter Name	diavolo_emerges_part1
after	3	Chapter Name	diavolo_emerges_part1
after	1	Chapter Name	diavolo_emerges_part2
after	1	Chapter Name	Jojos-part-5-ger-chapter-1
said	1	Chapter Name	diavolo_emerges_part1
said	1	Chapter Name	king-of-kings
broken	3	Chapter Name	diavolo_emerges_part1
picked	1	Chapter Name	diavolo_emerges_part1
revolver	3	Chapter Name	diavolo_emerges_part1
revolver	1	Chapter Name	diavolo_emerges_part2
yourrevolver	1	Chapter Name	diavolo_emerges_part1
bodies	2	Chapter Name	diavolo_emerges_part1
bodies	1	Chapter Name	diavolo_emerges_part2
disap-pear	2	Chapter Name	diavolo_emerges_part1
problem	2	Chapter Name	diavolo_emerges_part1
body:giorno	1	Chapter Name	diavolo_emerges_part1
inside	1	Chapter Name	diavolo-emerges-part4
inside	1	Chapter Name	diavolo_emerges_part1
inside	3	Chapter Name	diavolo_emerges_part2
inside	1	Chapter Name	Jojos-part-5-ger-chapter-1
inside	1	Chapter Name	Jojos-part-5-ger-chapter-3
say	3	Chapter Name	diavolo_emerges_part1
say	1	Chapter Name	Jojos-part-5-ger-chapter-2
say	1	Chapter Name	Jojos-part-5-ger-chapter-3
say	1	Chapter Name	king-of-kings
metal	2	Chapter Name	diavolo_emerges_part1
fatigue	2	Chapter Name	diavolo_emerges_part1
new	1	Chapter Name	diavolo-emerges-part3
new	1	Chapter Name	diavolo-emerges-part5
new	3	Chapter Name	diavolo_emerges_part1
beratta	1	Chapter Name	diavolo_emerges_part1
anyway	1	Chapter Name	diavolo_emerges_part1
getting	3	Chapter Name	diavolo_emerges_part1
goddman	1	Chapter Name	diavolo_emerges_part1
point	2	Chapter Name	diavolo-emerges-part3
point	2	Chapter Name	diavolo_emerges_part1
surfaces	3	Chapter Name	diavolo_emerges_part1
line	4	Chapter Name	diavolo_emerges_part1
other	5	Chapter Name	diavolo_emerges_part1
other	1	Chapter Name	diavolo_emerges_part2
bits	2	Chapter Name	diavolo_emerges_part1
fell	2	Chapter Name	diavolo_emerges_part1
step	1	Chapter Name	diavolo_emerges_part1
step	1	Chapter Name	king-of-kings
stay	6	Chapter Name	diavolo_emerges_part1
stay	2	Chapter Name	diavolo_emerges_part2
stay	2	Chapter Name	Jojos-part-5-ger-chapter-3
fit	1	Chapter Name	diavolo_emerges_part1
trying	1	Chapter Name	diavolo_emerges_part1
trying	1	Chapter Name	Jojos-part-5-ger-chapter-1
trying	2	Chapter Name	Jojos-part-5-ger-chapter-4
trying	3	Chapter Name	king-of-kings
thesurface	1	Chapter Name	diavolo_emerges_part1
surface	5	Chapter Name	diavolo_emerges_part1
cylinder	1	Chapter Name	diavolo_emerges_part1
connects	1	Chapter Name	diavolo_emerges_part1
gun	8	Chapter Name	diavolo_emerges_part1
know	6	Chapter Name	diavolo-emerges-part3
know	4	Chapter Name	diavolo_emerges_part1
know	4	Chapter Name	diavolo_emerges_part2
know	1	Chapter Name	Jojos-part-5-ger-chapter-1
know	1	Chapter Name	Jojos-part-5-ger-chapter-2
know	2	Chapter Name	Jojos-part-5-ger-chapter-3
know	2	Chapter Name	king-of-kings
themissing	1	Chapter Name	diavolo_emerges_part1
pieces	2	Chapter Name	diavolo_emerges_part1
missing	3	Chapter Name	diavolo_emerges_part1
scritch	6	Chapter Name	diavolo_emerges_part1
snort	8	Chapter Name	diavolo_emerges_part1
gave	1	Chapter Name	diavolo_emerges_part1
gave	1	Chapter Name	Jojos-part-5-ger-chapter-1
set	1	Chapter Name	diavolo_emerges_part1
set	1	Chapter Name	Jojos-part-5-ger-chapter-4
loose	1	Chapter Name	diavolo_emerges_part1
moles	1	Chapter Name	diavolo_emerges_part1
barely	1	Chapter Name	diavolo_emerges_part1
barely	1	Chapter Name	Jojos-part-5-ger-chapter-1
barely	1	Chapter Name	Jojos-part-5-ger-chapter-3
eyesight	1	Chapter Name	diavolo_emerges_part1
sense	2	Chapter Name	diavolo_emerges_part1
sense	1	Chapter Name	diavolo_emerges_part2
sense	1	Chapter Name	Jojos-part-5-ger-chapter-3
smell	1	Chapter Name	diavolo_emerges_part1
incredibly	1	Chapter Name	diavolo_emerges_part1
sharp	1	Chapter Name	diavolo_emerges_part1
saying	1	Chapter Name	diavolo_emerges_part1
saying	1	Chapter Name	Jojos-part-5-ger-chapter-2
saying	1	Chapter Name	Jojos-part-5-ger-chapter-3
saying	1	Chapter Name	king-of-kings
someone	3	Chapter Name	diavolo_emerges_part1
someone	2	Chapter Name	diavolo_emerges_part2
strong	1	Chapter Name	diavolo_emerges_part1
twist	2	Chapter Name	diavolo_emerges_part1
h-hey	1	Chapter Name	diavolo_emerges_part1
symbol	6	Chapter Name	diavolo_emerges_part1
lemme	1	Chapter Name	diavolo_emerges_part1
tell	1	Chapter Name	diavolo-emerges-part4
tell	1	Chapter Name	diavolo_emerges_part1
tell	5	Chapter Name	diavolo_emerges_part2
tell	2	Chapter Name	Jojos-part-5-ger-chapter-1
tell	1	Chapter Name	king-of-kings
ya	1	Chapter Name	diavolo_emerges_part1
ya	1	Chapter Name	king-of-kings
sure	1	Chapter Name	diavolo_emerges_part1
sure	3	Chapter Name	diavolo_emerges_part2
sure	2	Chapter Name	Jojos-part-5-ger-chapter-3
fact	1	Chapter Name	diavolo_emerges_part1
fact	1	Chapter Name	Jojos-part-5-ger-chapter-4
fact	1	Chapter Name	king-of-kings
approached	4	Chapter Name	diavolo_emerges_part1
approached	1	Chapter Name	diavolo_emerges_part2
plaza	1	Chapter Name	diavolo_emerges_part1
five	2	Chapter Name	diavolo_emerges_part1
meters	3	Chapter Name	diavolo_emerges_part1
meters	1	Chapter Name	diavolo_emerges_part2
range	1	Chapter Name	diavolo_emerges_part1
range	2	Chapter Name	diavolo_emerges_part2
range	2	Chapter Name	Jojos-part-5-ger-chapter-3
narancia	5	Chapter Name	diavolo_emerges_part1
narancia	4	Chapter Name	diavolo_emerges_part2
narancia	1	Chapter Name	Jojos-part-5-ger-chapter-1
died	2	Chapter Name	diavolo_emerges_part1
died	3	Chapter Name	diavolo_emerges_part2
died	1	Chapter Name	Jojos-part-5-ger-chapter-3
safe	1	Chapter Name	diavolo_emerges_part1
possession	2	Chapter Name	diavolo_emerges_part1
theory	1	Chapter Name	diavolo_emerges_part1
two	3	Chapter Name	diavolo_emerges_part1
two	1	Chapter Name	diavolo_emerges_part2
personalites...then	1	Chapter Name	diavolo_emerges_part1
free	1	Chapter Name	diavolo_emerges_part1
free	2	Chapter Name	diavolo_emerges_part2
free	1	Chapter Name	Jojos-part-5-ger-chapter-4
personalites	2	Chapter Name	diavolo_emerges_part1
perhaps	1	Chapter Name	diavolo_emerges_part1
talent	1	Chapter Name	diavolo_emerges_part1
appeared	2	Chapter Name	diavolo_emerges_part1
momment	1	Chapter Name	diavolo_emerges_part1
observing	1	Chapter Name	diavolo_emerges_part1
hiding	2	Chapter Name	diavolo_emerges_part1
hiding	4	Chapter Name	diavolo_emerges_part2
hiding	1	Chapter Name	king-of-kings
personality	2	Chapter Name	diavolo_emerges_part1
waiting	1	Chapter Name	diavolo_emerges_part1
waiting	1	Chapter Name	diavolo_emerges_part2
perfect	1	Chapter Name	diavolo-emerges-part4
perfect	1	Chapter Name	diavolo_emerges_part1
chance	1	Chapter Name	diavolo_emerges_part1
chance	1	Chapter Name	diavolo_emerges_part2
chance	1	Chapter Name	king-of-kings
presence	1	Chapter Name	diavolo_emerges_part1
sorry	1	Chapter Name	diavolo_emerges_part1
repeat	1	Chapter Name	diavolo_emerges_part1
repeat	1	Chapter Name	king-of-kings
w-wait	1	Chapter Name	diavolo_emerges_part1
hold	1	Chapter Name	diavolo_emerges_part1
sec	3	Chapter Name	diavolo-emerges-part3
sec	4	Chapter Name	diavolo_emerges_part1
sec	1	Chapter Name	Jojos-part-5-ger-chapter-1
wasn't	1	Chapter Name	diavolo_emerges_part1
possesed	1	Chapter Name	diavolo_emerges_part1
agree	1	Chapter Name	diavolo_emerges_part1
besides	1	Chapter Name	diavolo_emerges_part1
besides	1	Chapter Name	diavolo_emerges_part2
nobody's	1	Chapter Name	diavolo_emerges_part1
self	1	Chapter Name	diavolo-emerges-part3
self	1	Chapter Name	diavolo-emerges-part4
self	1	Chapter Name	diavolo-emerges-part5
self	2	Chapter Name	diavolo_emerges_part1
self	1	Chapter Name	diavolo_emerges_part2
self	3	Chapter Name	Jojos-part-5-ger-chapter-1
self	1	Chapter Name	Jojos-part-5-ger-chapter-3
self	1	Chapter Name	Jojos-part-5-ger-chapter-4
self	2	Chapter Name	king-of-kings
ran	9	Chapter Name	diavolo_emerges_part1
ran	5	Chapter Name	diavolo_emerges_part2
ran	1	Chapter Name	Jojos-part-5-ger-chapter-1
ran	1	Chapter Name	Jojos-part-5-ger-chapter-2
ran	2	Chapter Name	Jojos-part-5-ger-chapter-3
ran	1	Chapter Name	king-of-kings
policeman	2	Chapter Name	diavolo_emerges_part1
must	2	Chapter Name	diavolo_emerges_part1
must	1	Chapter Name	diavolo_emerges_part2
must	1	Chapter Name	Jojos-part-5-ger-chapter-1
must	1	Chapter Name	Jojos-part-5-ger-chapter-3
must	1	Chapter Name	king-of-kings
near	2	Chapter Name	diavolo_emerges_part1
near	1	Chapter Name	diavolo_emerges_part2
near	1	Chapter Name	Jojos-part-5-ger-chapter-3
y-yeah	2	Chapter Name	diavolo_emerges_part1
attacked	2	Chapter Name	diavolo_emerges_part1
attacked	1	Chapter Name	diavolo_emerges_part2
attacked	1	Chapter Name	Jojos-part-5-ger-chapter-1
farthest	2	Chapter Name	diavolo_emerges_part1
farthest	1	Chapter Name	diavolo_emerges_part2
closest	2	Chapter Name	diavolo_emerges_part1
closest	2	Chapter Name	diavolo_emerges_part2
keep	1	Chapter Name	diavolo_emerges_part1
keep	1	Chapter Name	diavolo_emerges_part2
chasing	1	Chapter Name	diavolo_emerges_part1
detect	1	Chapter Name	diavolo_emerges_part1
detect	4	Chapter Name	diavolo_emerges_part2
person	1	Chapter Name	diavolo-emerges-part3
person	5	Chapter Name	diavolo_emerges_part1
person	2	Chapter Name	diavolo_emerges_part2
pos-sessing	1	Chapter Name	diavolo_emerges_part1
newcomer	2	Chapter Name	diavolo_emerges_part1
thought	2	Chapter Name	diavolo_emerges_part1
greatest	2	Chapter Name	diavolo_emerges_part1
obstacle	2	Chapter Name	diavolo_emerges_part1
giovanna	2	Chapter Name	diavolo_emerges_part1
giovanna	1	Chapter Name	diavolo_emerges_part2
giovanna	2	Chapter Name	Jojos-part-5-ger-chapter-1
giovanna	2	Chapter Name	Jojos-part-5-ger-chapter-2
giovanna	1	Chapter Name	king-of-kings
completely	1	Chapter Name	diavolo_emerges_part1
completely	2	Chapter Name	diavolo_emerges_part2
completely	1	Chapter Name	Jojos-part-5-ger-chapter-1
approach	5	Chapter Name	diavolo_emerges_part1
approach	1	Chapter Name	diavolo_emerges_part2
rate	1	Chapter Name	diavolo-emerges-part3
rate	1	Chapter Name	diavolo_emerges_part1
rate	1	Chapter Name	diavolo_emerges_part2
however	1	Chapter Name	diavolo_emerges_part2
however	1	Chapter Name	Jojos-part-5-ger-chapter-2
advantage	2	Chapter Name	diavolo_emerges_part2
face	6	Chapter Name	diavolo_emerges_part1
face	1	Chapter Name	diavolo_emerges_part2
face	1	Chapter Name	Jojos-part-5-ger-chapter-1
while	1	Chapter Name	diavolo_emerges_part2
while	1	Chapter Name	king-of-kings
summon	1	Chapter Name	diavolo_emerges_part2
possessing	4	Chapter Name	diavolo_emerges_part2
unable	1	Chapter Name	diavolo_emerges_part2
dominate	3	Chapter Name	diavolo_emerges_part2
killed	3	Chapter Name	diavolo_emerges_part2
easily	1	Chapter Name	diavolo_emerges_part2
wouldn't	1	Chapter Name	diavolo_emerges_part2
wouldn't	2	Chapter Name	king-of-kings
stayed	1	Chapter Name	diavolo_emerges_part2
hidden	1	Chapter Name	diavolo_emerges_part2
whole	1	Chapter Name	diavolo_emerges_part2
freely	1	Chapter Name	diavolo_emerges_part2
remember	1	Chapter Name	diavolo_emerges_part2
remember	2	Chapter Name	Jojos-part-5-ger-chapter-3
polnareff's	1	Chapter Name	diavolo_emerges_part2
possssed	1	Chapter Name	diavolo_emerges_part2
isn't	3	Chapter Name	diavolo_emerges_part2
isn't	2	Chapter Name	king-of-kings
pursue	1	Chapter Name	diavolo_emerges_part2
revol-ver	1	Chapter Name	diavolo_emerges_part2
pos-sessed	2	Chapter Name	diavolo_emerges_part2
nearly	1	Chapter Name	diavolo_emerges_part2
put	1	Chapter Name	diavolo_emerges_part2
greater	1	Chapter Name	diavolo_emerges_part2
danger	2	Chapter Name	diavolo_emerges_part2
breaking	1	Chapter Name	diavolo_emerges_part2
expose	1	Chapter Name	diavolo_emerges_part2
feel	1	Chapter Name	diavolo_emerges_part1
feel	1	Chapter Name	diavolo_emerges_part2
feel	1	Chapter Name	Jojos-part-5-ger-chapter-3
feel	1	Chapter Name	king-of-kings
source	1	Chapter Name	diavolo_emerges_part2
lfie	1	Chapter Name	diavolo_emerges_part2
energy	3	Chapter Name	diavolo_emerges_part2
exper-ience	2	Chapter Name	diavolo_emerges_part2
eliminates	1	Chapter Name	diavolo_emerges_part2
eliminates	1	Chapter Name	Jojos-part-5-ger-chapter-3
detection	2	Chapter Name	diavolo_emerges_part2
person-alities	1	Chapter Name	diavolo_emerges_part2
directly	1	Chapter Name	diavolo_emerges_part2
felt	1	Chapter Name	diavolo_emerges_part2
felt	1	Chapter Name	Jojos-part-5-ger-chapter-3
differ-ence	1	Chapter Name	diavolo_emerges_part2
watched	1	Chapter Name	diavolo_emerges_part2
multiple	1	Chapter Name	diavolo_emerges_part2
personalities	1	Chapter Name	diavolo_emerges_part2
before	3	Chapter Name	diavolo_emerges_part2
before	1	Chapter Name	Jojos-part-5-ger-chapter-2
clusters	2	Chapter Name	diavolo_emerges_part2
many	1	Chapter Name	diavolo_emerges_part2
many	1	Chapter Name	Jojos-part-5-ger-chapter-3
direct	1	Chapter Name	diavolo_emerges_part1
direct	2	Chapter Name	diavolo_emerges_part2
contact	1	Chapter Name	diavolo_emerges_part2
real	1	Chapter Name	diavolo-emerges-part4
real	2	Chapter Name	diavolo_emerges_part2
real	10	Chapter Name	Jojos-part-5-ger-chapter-1
real	5	Chapter Name	Jojos-part-5-ger-chapter-2
real	7	Chapter Name	Jojos-part-5-ger-chapter-3
question	1	Chapter Name	diavolo_emerges_part2
happens	1	Chapter Name	diavolo_emerges_part2
whoever's	1	Chapter Name	diavolo_emerges_part2
choice	1	Chapter Name	diavolo_emerges_part2
luck	1	Chapter Name	diavolo_emerges_part2
luck	1	Chapter Name	Jojos-part-5-ger-chapter-3
whether	1	Chapter Name	diavolo_emerges_part2
defend	1	Chapter Name	diavolo_emerges_part2
against	1	Chapter Name	diavolo_emerges_part2
against	1	Chapter Name	Jojos-part-5-ger-chapter-3
barley	1	Chapter Name	diavolo_emerges_part2
dodged	1	Chapter Name	diavolo_emerges_part2
once	1	Chapter Name	diavolo_emerges_part2
once	1	Chapter Name	king-of-kings
how-ever	1	Chapter Name	diavolo_emerges_part2
taught	1	Chapter Name	diavolo_emerges_part2
number	2	Chapter Name	diavolo_emerges_part2
droplets	2	Chapter Name	diavolo_emerges_part2
suddenly	1	Chapter Name	diavolo_emerges_part2
increases	1	Chapter Name	diavolo_emerges_part2
moment	2	Chapter Name	diavolo_emerges_part2
moment	1	Chapter Name	Jojos-part-5-ger-chapter-1
moment	1	Chapter Name	Jojos-part-5-ger-chapter-2
erased	2	Chapter Name	diavolo_emerges_part2
erased	2	Chapter Name	Jojos-part-5-ger-chapter-1
erased	4	Chapter Name	Jojos-part-5-ger-chapter-2
definitely	1	Chapter Name	diavolo_emerges_part2
case	1	Chapter Name	diavolo_emerges_part2
hey	2	Chapter Name	diavolo-emerges-part4
hey	1	Chapter Name	diavolo-emerges-part5
hey	4	Chapter Name	diavolo_emerges_part1
hey	3	Chapter Name	diavolo_emerges_part2
hey	1	Chapter Name	Jojos-part-5-ger-chapter-1
hey	1	Chapter Name	Jojos-part-5-ger-chapter-2
hey	2	Chapter Name	Jojos-part-5-ger-chapter-3
hey	2	Chapter Name	Jojos-part-5-ger-chapter-4
hey	3	Chapter Name	king-of-kings
warning	1	Chapter Name	diavolo_emerges_part2
telling	3	Chapter Name	diavolo_emerges_part2
obvious	1	Chapter Name	diavolo_emerges_part2
fuck	2	Chapter Name	diavolo_emerges_part2
fuck	2	Chapter Name	Jojos-part-5-ger-chapter-3
empty	2	Chapter Name	diavolo_emerges_part2
narancia's	1	Chapter Name	diavolo_emerges_part2
knowing	2	Chapter Name	diavolo_emerges_part2
oh	3	Chapter Name	diavolo-emerges-part3
oh	3	Chapter Name	diavolo-emerges-part5
oh	1	Chapter Name	diavolo_emerges_part2
oh	3	Chapter Name	Jojos-part-5-ger-chapter-2
oh	5	Chapter Name	Jojos-part-5-ger-chapter-3
trust	2	Chapter Name	diavolo_emerges_part2
acting	1	Chapter Name	diavolo_emerges_part2
idea	1	Chapter Name	diavolo_emerges_part2
won't	1	Chapter Name	diavolo_emerges_part2
won't	2	Chapter Name	Jojos-part-5-ger-chapter-3
unless	1	Chapter Name	diavolo_emerges_part2
blow	2	Chapter Name	diavolo_emerges_part2
arms	2	Chapter Name	diavolo_emerges_part2
legs	2	Chapter Name	diavolo_emerges_part2
time's	1	Chapter Name	diavolo_emerges_part2
ticking	1	Chapter Name	diavolo_emerges_part2
perspective	1	Chapter Name	diavolo_emerges_part2
corner	1	Chapter Name	diavolo-emerges-part3
corner	2	Chapter Name	diavolo_emerges_part2
costs	1	Chapter Name	diavolo_emerges_part2
someone's	1	Chapter Name	diavolo_emerges_part2
die	4	Chapter Name	diavolo_emerges_part1
die	5	Chapter Name	diavolo_emerges_part2
die	2	Chapter Name	Jojos-part-5-ger-chapter-3
die	2	Chapter Name	king-of-kings
mista's	1	Chapter Name	diavolo_emerges_part2
gir	1	Chapter Name	diavolo-emerges-part3
gir	1	Chapter Name	diavolo-emerges-part4
gir	1	Chapter Name	diavolo-emerges-part5
gir	2	Chapter Name	diavolo_emerges_part2
moved	2	Chapter Name	diavolo_emerges_part2
moved	2	Chapter Name	Jojos-part-5-ger-chapter-2
shown	1	Chapter Name	diavolo_emerges_part2
shown	1	Chapter Name	king-of-kings
cannot	1	Chapter Name	diavolo_emerges_part2
cannot	1	Chapter Name	Jojos-part-5-ger-chapter-1
please	1	Chapter Name	diavolo_emerges_part2
gi	3	Chapter Name	diavolo-emerges-part3
gi	6	Chapter Name	diavolo-emerges-part4
gi	5	Chapter Name	diavolo-emerges-part5
gi	10	Chapter Name	diavolo_emerges_part1
gi	11	Chapter Name	diavolo_emerges_part2
gi	12	Chapter Name	Jojos-part-5-ger-chapter-1
gi	4	Chapter Name	Jojos-part-5-ger-chapter-2
gi	5	Chapter Name	Jojos-part-5-ger-chapter-3
gi	5	Chapter Name	Jojos-part-5-ger-chapter-4
gi	10	Chapter Name	king-of-kings
looking	2	Chapter Name	Jojos-part-5-ger-chapter-1
looking	2	Chapter Name	Jojos-part-5-ger-chapter-2
smashed	2	Chapter Name	Jojos-part-5-ger-chapter-1
open	2	Chapter Name	Jojos-part-5-ger-chapter-1
open	1	Chapter Name	Jojos-part-5-ger-chapter-3
shouldn't	1	Chapter Name	Jojos-part-5-ger-chapter-1
brians	1	Chapter Name	Jojos-part-5-ger-chapter-1
splattred	1	Chapter Name	Jojos-part-5-ger-chapter-1
across	1	Chapter Name	Jojos-part-5-ger-chapter-1
brain	1	Chapter Name	Jojos-part-5-ger-chapter-1
impossible	1	Chapter Name	Jojos-part-5-ger-chapter-1
sucked	1	Chapter Name	Jojos-part-5-ger-chapter-1
arm	2	Chapter Name	diavolo_emerges_part2
arm	1	Chapter Name	Jojos-part-5-ger-chapter-1
finished	1	Chapter Name	Jojos-part-5-ger-chapter-1
hasnt't	1	Chapter Name	Jojos-part-5-ger-chapter-1
rejectedat	1	Chapter Name	Jojos-part-5-ger-chapter-1
rejected	2	Chapter Name	Jojos-part-5-ger-chapter-1
rejected	2	Chapter Name	king-of-kings
reject	3	Chapter Name	Jojos-part-5-ger-chapter-1
reject	2	Chapter Name	king-of-kings
unqualified	1	Chapter Name	Jojos-part-5-ger-chapter-1
arrowbelongs	1	Chapter Name	Jojos-part-5-ger-chapter-1
eternity	1	Chapter Name	Jojos-part-5-ger-chapter-1
bosswill	1	Chapter Name	Jojos-part-5-ger-chapter-1
lay	1	Chapter Name	Jojos-part-5-ger-chapter-1
single	1	Chapter Name	Jojos-part-5-ger-chapter-1
finger	2	Chapter Name	diavolo-emerges-part3
finger	1	Chapter Name	Jojos-part-5-ger-chapter-1
finger	1	Chapter Name	Jojos-part-5-ger-chapter-3
arrowever	1	Chapter Name	Jojos-part-5-ger-chapter-1
reality	10	Chapter Name	Jojos-part-5-ger-chapter-1
reality	5	Chapter Name	Jojos-part-5-ger-chapter-2
reality	5	Chapter Name	Jojos-part-5-ger-chapter-3
sort	1	Chapter Name	Jojos-part-5-ger-chapter-1
mistake	1	Chapter Name	Jojos-part-5-ger-chapter-1
i'msupposed	1	Chapter Name	Jojos-part-5-ger-chapter-1
corpsewith	1	Chapter Name	Jojos-part-5-ger-chapter-1
corpse	2	Chapter Name	Jojos-part-5-ger-chapter-1
corpse	1	Chapter Name	Jojos-part-5-ger-chapter-3
experi-ence	1	Chapter Name	Jojos-part-5-ger-chapter-1
experiencehas	1	Chapter Name	Jojos-part-5-ger-chapter-1
gonebeyond	1	Chapter Name	Jojos-part-5-ger-chapter-1
guaaaahhh!!!pant	1	Chapter Name	Jojos-part-5-ger-chapter-1
pant	1	Chapter Name	Jojos-part-5-ger-chapter-1
pant	16	Chapter Name	Jojos-part-5-ger-chapter-3
guaaaahhh	2	Chapter Name	Jojos-part-5-ger-chapter-1
survive	1	Chapter Name	Jojos-part-5-ger-chapter-1
righteous	2	Chapter Name	Jojos-part-5-ger-chapter-1
annihilated	2	Chapter Name	Jojos-part-5-ger-chapter-1
abbacchio	1	Chapter Name	Jojos-part-5-ger-chapter-1
wills	1	Chapter Name	Jojos-part-5-ger-chapter-1
ones	1	Chapter Name	Jojos-part-5-ger-chapter-1
ones	1	Chapter Name	king-of-kings
superficial	1	Chapter Name	Jojos-part-5-ger-chapter-1
evil	1	Chapter Name	Jojos-part-5-ger-chapter-1
end	1	Chapter Name	diavolo_emerges_part2
end	2	Chapter Name	Jojos-part-5-ger-chapter-1
end	2	Chapter Name	Jojos-part-5-ger-chapter-3
escape	2	Chapter Name	Jojos-part-5-ger-chapter-1
annihilation	2	Chapter Name	Jojos-part-5-ger-chapter-1
switched	1	Chapter Name	Jojos-part-5-ger-chapter-1
complete	1	Chapter Name	diavolo-emerges-part5
complete	1	Chapter Name	diavolo_emerges_part1
complete	2	Chapter Name	diavolo_emerges_part2
complete	2	Chapter Name	Jojos-part-5-ger-chapter-1
complete	1	Chapter Name	Jojos-part-5-ger-chapter-4
evaded	1	Chapter Name	Jojos-part-5-ger-chapter-1
brunt	1	Chapter Name	Jojos-part-5-ger-chapter-1
becasue	1	Chapter Name	Jojos-part-5-ger-chapter-1
saw	1	Chapter Name	Jojos-part-5-ger-chapter-1
saw	1	Chapter Name	king-of-kings
hole	1	Chapter Name	diavolo_emerges_part2
hole	1	Chapter Name	Jojos-part-5-ger-chapter-1
appering	1	Chapter Name	Jojos-part-5-ger-chapter-1
dodge	1	Chapter Name	diavolo_emerges_part2
dodge	1	Chapter Name	Jojos-part-5-ger-chapter-1
attacks	2	Chapter Name	Jojos-part-5-ger-chapter-1
admit	1	Chapter Name	Jojos-part-5-ger-chapter-1
experiencecan	1	Chapter Name	Jojos-part-5-ger-chapter-1
incredible	1	Chapter Name	Jojos-part-5-ger-chapter-1
power-up	1	Chapter Name	Jojos-part-5-ger-chapter-1
threat	1	Chapter Name	Jojos-part-5-ger-chapter-1
nothing	1	Chapter Name	Jojos-part-5-ger-chapter-1
nothing	1	Chapter Name	king-of-kings
toforecast	1	Chapter Name	Jojos-part-5-ger-chapter-1
chosen	1	Chapter Name	Jojos-part-5-ger-chapter-1
chosen	3	Chapter Name	Jojos-part-5-ger-chapter-2
chosen	2	Chapter Name	king-of-kings
emperorwho	1	Chapter Name	Jojos-part-5-ger-chapter-1
crisis	1	Chapter Name	Jojos-part-5-ger-chapter-1
faced	1	Chapter Name	Jojos-part-5-ger-chapter-1
emperor	2	Chapter Name	Jojos-part-5-ger-chapter-1
emperor	4	Chapter Name	king-of-kings
lecture	1	Chapter Name	Jojos-part-5-ger-chapter-1
cocky	1	Chapter Name	Jojos-part-5-ger-chapter-1
brat	1	Chapter Name	Jojos-part-5-ger-chapter-1
allow	1	Chapter Name	Jojos-part-5-ger-chapter-1
allow	1	Chapter Name	Jojos-part-5-ger-chapter-2
lament	1	Chapter Name	Jojos-part-5-ger-chapter-1
lament	1	Chapter Name	Jojos-part-5-ger-chapter-2
stand's	1	Chapter Name	Jojos-part-5-ger-chapter-1
every-thing	1	Chapter Name	Jojos-part-5-ger-chapter-1
predictit	1	Chapter Name	Jojos-part-5-ger-chapter-1
filth	2	Chapter Name	diavolo-emerges-part4
filth	1	Chapter Name	Jojos-part-5-ger-chapter-1
blocked	1	Chapter Name	Jojos-part-5-ger-chapter-1
experience's	2	Chapter Name	Jojos-part-5-ger-chapter-1
resumes	1	Chapter Name	Jojos-part-5-ger-chapter-1
seconds	1	Chapter Name	Jojos-part-5-ger-chapter-1
eyes	1	Chapter Name	diavolo_emerges_part1
eyes	1	Chapter Name	Jojos-part-5-ger-chapter-1
upon	3	Chapter Name	Jojos-part-5-ger-chapter-1
upon	1	Chapter Name	king-of-kings
stands	2	Chapter Name	Jojos-part-5-ger-chapter-1
won	1	Chapter Name	diavolo_emerges_part2
won	1	Chapter Name	Jojos-part-5-ger-chapter-2
won	2	Chapter Name	Jojos-part-5-ger-chapter-3
won	1	Chapter Name	Jojos-part-5-ger-chapter-4
faster	1	Chapter Name	Jojos-part-5-ger-chapter-2
shows	1	Chapter Name	Jojos-part-5-ger-chapter-2
punching	1	Chapter Name	Jojos-part-5-ger-chapter-2
straight	1	Chapter Name	Jojos-part-5-ger-chapter-2
future	1	Chapter Name	Jojos-part-5-ger-chapter-2
impos-sible	2	Chapter Name	Jojos-part-5-ger-chapter-2
impos-sible	2	Chapter Name	Jojos-part-5-ger-chapter-3
reversing	2	Chapter Name	Jojos-part-5-ger-chapter-2
caaw	2	Chapter Name	Jojos-part-5-ger-chapter-2
caaaww	1	Chapter Name	Jojos-part-5-ger-chapter-2
caaww	1	Chapter Name	Jojos-part-5-ger-chapter-2
aaawwwk	1	Chapter Name	Jojos-part-5-ger-chapter-2
gio-vanna	2	Chapter Name	Jojos-part-5-ger-chapter-2
swir	14	Chapter Name	Jojos-part-5-ger-chapter-2
uooohh	1	Chapter Name	Jojos-part-5-ger-chapter-2
dream	1	Chapter Name	Jojos-part-5-ger-chapter-2
dream	3	Chapter Name	Jojos-part-5-ger-chapter-3
illusion	1	Chapter Name	Jojos-part-5-ger-chapter-2
none	2	Chapter Name	Jojos-part-5-ger-chapter-2
indeed	2	Chapter Name	Jojos-part-5-ger-chapter-2
seens	1	Chapter Name	Jojos-part-5-ger-chapter-2
actionsthat	1	Chapter Name	Jojos-part-5-ger-chapter-2
acually	1	Chapter Name	Jojos-part-5-ger-chapter-2
perform	1	Chapter Name	Jojos-part-5-ger-chapter-2
perform	1	Chapter Name	Jojos-part-5-ger-chapter-3
arrive	1	Chapter Name	Jojos-part-5-ger-chapter-2
arrive	1	Chapter Name	Jojos-part-5-ger-chapter-3
occur	2	Chapter Name	Jojos-part-5-ger-chapter-2
wield	1	Chapter Name	Jojos-part-5-ger-chapter-2
master	1	Chapter Name	Jojos-part-5-ger-chapter-2
master	2	Chapter Name	king-of-kings
haven’t	2	Chapter Name	Jojos-part-5-ger-chapter-2
inch	2	Chapter Name	Jojos-part-5-ger-chapter-2
started	2	Chapter Name	Jojos-part-5-ger-chapter-2
forecasts	1	Chapter Name	Jojos-part-5-ger-chapter-2
guaranteed	1	Chapter Name	Jojos-part-5-ger-chapter-2
invincible	1	Chapter Name	Jojos-part-5-ger-chapter-2
invincible	1	Chapter Name	king-of-kings
achieve	1	Chapter Name	Jojos-part-5-ger-chapter-2
victory	1	Chapter Name	Jojos-part-5-ger-chapter-2
victory	1	Chapter Name	Jojos-part-5-ger-chapter-3
victory	2	Chapter Name	Jojos-part-5-ger-chapter-4
muda	2	Chapter Name	Jojos-part-5-ger-chapter-2
muda	6	Chapter Name	Jojos-part-5-ger-chapter-3
bugagaooooooohh	1	Chapter Name	Jojos-part-5-ger-chapter-3
any-where	1	Chapter Name	Jojos-part-5-ger-chapter-3
especially	2	Chapter Name	Jojos-part-5-ger-chapter-3
realityever	1	Chapter Name	Jojos-part-5-ger-chapter-3
goddamn	2	Chapter Name	Jojos-part-5-ger-chapter-3
kid	2	Chapter Name	Jojos-part-5-ger-chapter-3
mudaa	4	Chapter Name	Jojos-part-5-ger-chapter-3
mudaaaaa	2	Chapter Name	Jojos-part-5-ger-chapter-3
evolved	1	Chapter Name	Jojos-part-5-ger-chapter-3
didn’t	1	Chapter Name	Jojos-part-5-ger-chapter-3
understand	1	Chapter Name	Jojos-part-5-ger-chapter-3
boss’s	1	Chapter Name	Jojos-part-5-ger-chapter-3
helpless	1	Chapter Name	Jojos-part-5-ger-chapter-3
you’ve	1	Chapter Name	Jojos-part-5-ger-chapter-3
defeated	1	Chapter Name	Jojos-part-5-ger-chapter-3
defeated	1	Chapter Name	king-of-kings
floating	2	Chapter Name	Jojos-part-5-ger-chapter-3
anywhere	3	Chapter Name	Jojos-part-5-ger-chapter-3
where’s	1	Chapter Name	Jojos-part-5-ger-chapter-3
uaaa	2	Chapter Name	Jojos-part-5-ger-chapter-1
uaaa	1	Chapter Name	Jojos-part-5-ger-chapter-3
agh	1	Chapter Name	diavolo-emerges-part3
agh	3	Chapter Name	Jojos-part-5-ger-chapter-3
i’m	1	Chapter Name	Jojos-part-5-ger-chapter-3
guh	1	Chapter Name	Jojos-part-5-ger-chapter-3
alive	2	Chapter Name	Jojos-part-5-ger-chapter-3
somehow	1	Chapter Name	diavolo_emerges_part1
somehow	1	Chapter Name	Jojos-part-5-ger-chapter-3
showed	1	Chapter Name	Jojos-part-5-ger-chapter-3
sewer	2	Chapter Name	Jojos-part-5-ger-chapter-3
leads	1	Chapter Name	Jojos-part-5-ger-chapter-3
beneath	1	Chapter Name	Jojos-part-5-ger-chapter-3
roma	3	Chapter Name	Jojos-part-5-ger-chapter-3
lucky	1	Chapter Name	Jojos-part-5-ger-chapter-3
strength	1	Chapter Name	Jojos-part-5-ger-chapter-3
climb	2	Chapter Name	Jojos-part-5-ger-chapter-3
y–y–you	2	Chapter Name	Jojos-part-5-ger-chapter-3
punk	2	Chapter Name	Jojos-part-5-ger-chapter-3
tryin	1	Chapter Name	diavolo_emerges_part1
tryin	1	Chapter Name	Jojos-part-5-ger-chapter-1
tryin	2	Chapter Name	Jojos-part-5-ger-chapter-3
tryin	2	Chapter Name	Jojos-part-5-ger-chapter-4
tryin	3	Chapter Name	king-of-kings
creep	2	Chapter Name	Jojos-part-5-ger-chapter-3
coat	6	Chapter Name	Jojos-part-5-ger-chapter-3
uhehe	4	Chapter Name	Jojos-part-5-ger-chapter-3
wanna	2	Chapter Name	Jojos-part-5-ger-chapter-3
bitch	2	Chapter Name	Jojos-part-5-ger-chapter-3
heheh	2	Chapter Name	Jojos-part-5-ger-chapter-3
bring	4	Chapter Name	Jojos-part-5-ger-chapter-3
bring	1	Chapter Name	Jojos-part-5-ger-chapter-4
hehe	8	Chapter Name	Jojos-part-5-ger-chapter-3
prick	2	Chapter Name	Jojos-part-5-ger-chapter-3
im	19	Chapter Name	diavolo-emerges-part3
im	12	Chapter Name	diavolo-emerges-part4
im	4	Chapter Name	diavolo-emerges-part5
im	10	Chapter Name	diavolo_emerges_part1
im	20	Chapter Name	diavolo_emerges_part2
im	10	Chapter Name	Jojos-part-5-ger-chapter-1
im	11	Chapter Name	Jojos-part-5-ger-chapter-2
im	20	Chapter Name	Jojos-part-5-ger-chapter-3
im	10	Chapter Name	king-of-kings
uoh	1	Chapter Name	Jojos-part-5-ger-chapter-3
gaaahg	1	Chapter Name	Jojos-part-5-ger-chapter-3
some-one	1	Chapter Name	Jojos-part-5-ger-chapter-3
woooooh	2	Chapter Name	Jojos-part-5-ger-chapter-3
scum	1	Chapter Name	Jojos-part-5-ger-chapter-3
uuooooo	1	Chapter Name	Jojos-part-5-ger-chapter-3
ooohhhh	2	Chapter Name	diavolo-emerges-part5
ooohhhh	1	Chapter Name	Jojos-part-5-ger-chapter-3
blacking	1	Chapter Name	Jojos-part-5-ger-chapter-3
sleeping	1	Chapter Name	Jojos-part-5-ger-chapter-3
sleeping	2	Chapter Name	Jojos-part-5-ger-chapter-4
bed	2	Chapter Name	diavolo-emerges-part3
bed	1	Chapter Name	diavolo-emerges-part5
bed	1	Chapter Name	Jojos-part-5-ger-chapter-3
falling	2	Chapter Name	Jojos-part-5-ger-chapter-3
falling	1	Chapter Name	king-of-kings
river	3	Chapter Name	Jojos-part-5-ger-chapter-3
climbing	1	Chapter Name	Jojos-part-5-ger-chapter-3
pass	1	Chapter Name	diavolo-emerges-part4
pass	1	Chapter Name	Jojos-part-5-ger-chapter-3
file	1	Chapter Name	Jojos-part-5-ger-chapter-3
headed	1	Chapter Name	Jojos-part-5-ger-chapter-3
doctor	1	Chapter Name	Jojos-part-5-ger-chapter-3
monica	1	Chapter Name	Jojos-part-5-ger-chapter-3
ulterro	1	Chapter Name	Jojos-part-5-ger-chapter-3
hm	1	Chapter Name	Jojos-part-5-ger-chapter-3
hm	2	Chapter Name	king-of-kings
date	2	Chapter Name	Jojos-part-5-ger-chapter-3
adult	1	Chapter Name	Jojos-part-5-ger-chapter-3
male	1	Chapter Name	Jojos-part-5-ger-chapter-3
estimated	2	Chapter Name	Jojos-part-5-ger-chapter-3
age	2	Chapter Name	diavolo_emerges_part2
age	1	Chapter Name	Jojos-part-5-ger-chapter-3
age	1	Chapter Name	king-of-kings
unknown	1	Chapter Name	Jojos-part-5-ger-chapter-3
performing	1	Chapter Name	Jojos-part-5-ger-chapter-3
legally-mandated	1	Chapter Name	Jojos-part-5-ger-chapter-3
necropsy	1	Chapter Name	Jojos-part-5-ger-chapter-3
judging	1	Chapter Name	Jojos-part-5-ger-chapter-3
condition	1	Chapter Name	Jojos-part-5-ger-chapter-3
skin	1	Chapter Name	Jojos-part-5-ger-chapter-3
ago	1	Chapter Name	Jojos-part-5-ger-chapter-3
woman	2	Chapter Name	Jojos-part-5-ger-chapter-3
place	2	Chapter Name	Jojos-part-5-ger-chapter-3
according	1	Chapter Name	Jojos-part-5-ger-chapter-3
report	1	Chapter Name	Jojos-part-5-ger-chapter-3
mouth	1	Chapter Name	Jojos-part-5-ger-chapter-3
inhaled	1	Chapter Name	Jojos-part-5-ger-chapter-3
water	1	Chapter Name	Jojos-part-5-ger-chapter-3
drowning	1	Chapter Name	Jojos-part-5-ger-chapter-3
believed	1	Chapter Name	Jojos-part-5-ger-chapter-3
cause	2	Chapter Name	diavolo-emerges-part4
cause	2	Chapter Name	diavolo-emerges-part5
cause	6	Chapter Name	diavolo_emerges_part1
cause	2	Chapter Name	diavolo_emerges_part2
cause	2	Chapter Name	Jojos-part-5-ger-chapter-3
cause	1	Chapter Name	king-of-kings
can’t	2	Chapter Name	Jojos-part-5-ger-chapter-3
determined	1	Chapter Name	Jojos-part-5-ger-chapter-3
laceration	1	Chapter Name	Jojos-part-5-ger-chapter-3
extending	1	Chapter Name	Jojos-part-5-ger-chapter-3
liver	2	Chapter Name	Jojos-part-5-ger-chapter-3
wounds	1	Chapter Name	Jojos-part-5-ger-chapter-3
failed	1	Chapter Name	Jojos-part-5-ger-chapter-3
attempts	1	Chapter Name	Jojos-part-5-ger-chapter-3
possibility	1	Chapter Name	Jojos-part-5-ger-chapter-3
suicide	1	Chapter Name	Jojos-part-5-ger-chapter-3
opening	1	Chapter Name	Jojos-part-5-ger-chapter-3
inspecting	1	Chapter Name	Jojos-part-5-ger-chapter-3
contents	1	Chapter Name	Jojos-part-5-ger-chapter-3
stomach	1	Chapter Name	Jojos-part-5-ger-chapter-3
that’s	1	Chapter Name	Jojos-part-5-ger-chapter-3
healthy	1	Chapter Name	Jojos-part-5-ger-chapter-3
very	5	Chapter Name	diavolo-emerges-part3
very	2	Chapter Name	diavolo-emerges-part5
very	3	Chapter Name	diavolo_emerges_part1
very	3	Chapter Name	diavolo_emerges_part2
very	5	Chapter Name	Jojos-part-5-ger-chapter-1
very	2	Chapter Name	Jojos-part-5-ger-chapter-3
very	1	Chapter Name	Jojos-part-5-ger-chapter-4
color	1	Chapter Name	Jojos-part-5-ger-chapter-3
gua	2	Chapter Name	Jojos-part-5-ger-chapter-1
gua	1	Chapter Name	Jojos-part-5-ger-chapter-2
gua	2	Chapter Name	Jojos-part-5-ger-chapter-3
aahhh	2	Chapter Name	Jojos-part-5-ger-chapter-1
aahhh	2	Chapter Name	Jojos-part-5-ger-chapter-3
having	1	Chapter Name	Jojos-part-5-ger-chapter-3
tiber	1	Chapter Name	Jojos-part-5-ger-chapter-3
sensation	1	Chapter Name	Jojos-part-5-ger-chapter-3
imagination	1	Chapter Name	Jojos-part-5-ger-chapter-3
morgue	1	Chapter Name	Jojos-part-5-ger-chapter-3
excuse	1	Chapter Name	Jojos-part-5-ger-chapter-3
okay	1	Chapter Name	Jojos-part-5-ger-chapter-3
sick	1	Chapter Name	Jojos-part-5-ger-chapter-3
strange	2	Chapter Name	Jojos-part-5-ger-chapter-3
easy	1	Chapter Name	Jojos-part-5-ger-chapter-3
until	1	Chapter Name	Jojos-part-5-ger-chapter-3
although	1	Chapter Name	Jojos-part-5-ger-chapter-3
clear	1	Chapter Name	Jojos-part-5-ger-chapter-3
longer	2	Chapter Name	Jojos-part-5-ger-chapter-3
infinitely	2	Chapter Name	Jojos-part-5-ger-chapter-3
ali	4	Chapter Name	diavolo_emerges_part1
ali	2	Chapter Name	diavolo_emerges_part2
ali	11	Chapter Name	Jojos-part-5-ger-chapter-1
ali	5	Chapter Name	Jojos-part-5-ger-chapter-2
ali	8	Chapter Name	Jojos-part-5-ger-chapter-3
ali	2	Chapter Name	king-of-kings
ending	2	Chapter Name	Jojos-part-5-ger-chapter-3
mister	1	Chapter Name	Jojos-part-5-ger-chapter-3
tummy	1	Chapter Name	Jojos-part-5-ger-chapter-3
hurt	1	Chapter Name	Jojos-part-5-ger-chapter-3
hurt	1	Chapter Name	Jojos-part-5-ger-chapter-4
twitch	2	Chapter Name	Jojos-part-5-ger-chapter-3
haah	2	Chapter Name	Jojos-part-5-ger-chapter-3
haah	2	Chapter Name	king-of-kings
times	1	Chapter Name	Jojos-part-5-ger-chapter-3
next	2	Chapter Name	Jojos-part-5-ger-chapter-3
strike	2	Chapter Name	diavolo-emerges-part3
strike	1	Chapter Name	Jojos-part-5-ger-chapter-3
strike	1	Chapter Name	king-of-kings
listen	1	Chapter Name	Jojos-part-5-ger-chapter-4
thinking	1	Chapter Name	Jojos-part-5-ger-chapter-4
night	1	Chapter Name	Jojos-part-5-ger-chapter-4
flesh	1	Chapter Name	Jojos-part-5-ger-chapter-4
ate	1	Chapter Name	diavolo-emerges-part3
ate	3	Chapter Name	diavolo-emerges-part4
ate	1	Chapter Name	diavolo-emerges-part5
ate	3	Chapter Name	diavolo_emerges_part1
ate	6	Chapter Name	diavolo_emerges_part2
ate	3	Chapter Name	Jojos-part-5-ger-chapter-1
ate	7	Chapter Name	Jojos-part-5-ger-chapter-3
ate	2	Chapter Name	Jojos-part-5-ger-chapter-4
ate	6	Chapter Name	king-of-kings
taste	3	Chapter Name	Jojos-part-5-ger-chapter-4
bad	2	Chapter Name	Jojos-part-5-ger-chapter-4
bringing	1	Chapter Name	Jojos-part-5-ger-chapter-4
outta	1	Chapter Name	Jojos-part-5-ger-chapter-4
nowhere	1	Chapter Name	Jojos-part-5-ger-chapter-4
bugger	1	Chapter Name	Jojos-part-5-ger-chapter-4
eat	2	Chapter Name	diavolo-emerges-part4
eat	1	Chapter Name	diavolo-emerges-part5
eat	6	Chapter Name	diavolo_emerges_part1
eat	1	Chapter Name	diavolo_emerges_part2
eat	2	Chapter Name	Jojos-part-5-ger-chapter-1
eat	1	Chapter Name	Jojos-part-5-ger-chapter-2
eat	6	Chapter Name	Jojos-part-5-ger-chapter-3
eat	3	Chapter Name	Jojos-part-5-ger-chapter-4
eat	8	Chapter Name	king-of-kings
talking	2	Chapter Name	Jojos-part-5-ger-chapter-4
we've	1	Chapter Name	Jojos-part-5-ger-chapter-4
victors	2	Chapter Name	Jojos-part-5-ger-chapter-4
let's	4	Chapter Name	Jojos-part-5-ger-chapter-4
body's	1	Chapter Name	diavolo_emerges_part1
body's	1	Chapter Name	Jojos-part-5-ger-chapter-4
probably	1	Chapter Name	Jojos-part-5-ger-chapter-4
wondering	1	Chapter Name	Jojos-part-5-ger-chapter-4
healed	1	Chapter Name	Jojos-part-5-ger-chapter-4
home	1	Chapter Name	diavolo-emerges-part5
home	1	Chapter Name	Jojos-part-5-ger-chapter-4
slave	2	Chapter Name	Jojos-part-5-ger-chapter-4
kings	1	Chapter Name	king-of-kings
things	1	Chapter Name	king-of-kings
woof	2	Chapter Name	king-of-kings
ogyah	1	Chapter Name	king-of-kings
soldiers	2	Chapter Name	king-of-kings
truth	2	Chapter Name	king-of-kings
granted	1	Chapter Name	king-of-kings
time...and	1	Chapter Name	king-of-kings
precognize	2	Chapter Name	king-of-kings
mistaking	1	Chapter Name	king-of-kings
it...that	1	Chapter Name	diavolo-emerges-part3
it...that	1	Chapter Name	diavolo_emerges_part1
it...that	1	Chapter Name	king-of-kings
oblvious	1	Chapter Name	king-of-kings
governs	1	Chapter Name	king-of-kings
selected	1	Chapter Name	king-of-kings
solider	1	Chapter Name	king-of-kings
deafeated	1	Chapter Name	king-of-kings
mustretreat	1	Chapter Name	king-of-kings
retreat	6	Chapter Name	king-of-kings
hide	1	Chapter Name	king-of-kings
temporaryretreatis	1	Chapter Name	king-of-kings
gets	1	Chapter Name	king-of-kings
he'll	1	Chapter Name	king-of-kings
took	1	Chapter Name	king-of-kings
rain	1	Chapter Name	Jojos-part-5-ger-chapter-1
rain	1	Chapter Name	king-of-kings
giotno	1	Chapter Name	king-of-kings
suceed	1	Chapter Name	king-of-kings
ownership	1	Chapter Name	king-of-kings
pride	4	Chapter Name	king-of-kings
seek	1	Chapter Name	king-of-kings
remain	3	Chapter Name	king-of-kings
climax.if	1	Chapter Name	king-of-kings
vanish	1	Chapter Name	king-of-kings
climax	2	Chapter Name	king-of-kings
difference	1	Chapter Name	king-of-kings
thank	2	Chapter Name	king-of-kings
insulted	2	Chapter Name	king-of-kings
managed	1	Chapter Name	king-of-kings
retain	1	Chapter Name	king-of-kings
seen	1	Chapter Name	Jojos-part-5-ger-chapter-2
seen	1	Chapter Name	king-of-kings
thisforecast	1	Chapter Name	king-of-kings
hahahahha	1	Chapter Name	king-of-kings
ahahahahaha	5	Chapter Name	king-of-kings
unexpected	1	Chapter Name	king-of-kings
epitaph	2	Chapter Name	king-of-kings
ahaha	2	Chapter Name	diavolo_emerges_part1
ahaha	9	Chapter Name	king-of-kings
hahahaha	6	Chapter Name	king-of-kings
haha	2	Chapter Name	diavolo_emerges_part1
haha	10	Chapter Name	king-of-kings
hahaha	2	Chapter Name	diavolo_emerges_part1
hahaha	8	Chapter Name	king-of-kings
hahahahahaha	3	Chapter Name	king-of-kings
hah	2	Chapter Name	diavolo_emerges_part1
hah	11	Chapter Name	king-of-kings
ahahahahaahahahahahahaha	2	Chapter Name	king-of-kings
ngh	1	Chapter Name	king-of-kings
honest	1	Chapter Name	king-of-kings
shrouded	1	Chapter Name	king-of-kings
despair	2	Chapter Name	king-of-kings
press	1	Chapter Name	king-of-kings
thanks	1	Chapter Name	king-of-kings
upstart	1	Chapter Name	king-of-kings
proves	1	Chapter Name	king-of-kings
chooses	1	Chapter Name	king-of-kings
qualified	1	Chapter Name	Jojos-part-5-ger-chapter-1
qualified	2	Chapter Name	king-of-kings
repeating	1	Chapter Name	king-of-kings
such	1	Chapter Name	king-of-kings
finsihed	2	Chapter Name	king-of-kings
remains	1	Chapter Name	king-of-kings
unchanged	1	Chapter Name	king-of-kings
